400567,h206,1
400567,h163,1
400567,h290,1
400567,h212,1
400567,h116,1
400567,h475,1
400567,h231,1
400567,h52,1
400567,h438,1
400567,h114,1
400567,h299,1
400567,h441,1
400567,h486,1
400567,h110,1
400567,h94,1
400567,h470,1
400567,h489,1
400567,h82,1
400567,h234,1
400567,h415,1
400567,h291,1
400567,h79,1
400567,h261,1
400567,h20,1
400567,h478,1
400567,h115,1
400567,h26,1
400567,h418,1
400567,h97,1
400567,h369,1
400567,h245,1
400567,h268,1
400567,h288,1
400567,h301,1
400567,h49,1
400567,h117,1
400567,h334,1
400567,h389,1
400567,h390,1
400567,h211,1
400567,h287,1
400567,h407,1
400567,h411,1
400567,h236,1
400567,h80,1
400567,h246,1
400567,h124,1
400567,h413,1
400567,h244,1
400567,h210,1
400567,h227,1
400567,h368,1
400567,h373,1
400567,h306,1
400567,h476,1
400567,h266,1
400567,h378,1
400567,h123,1
400567,h292,1
400567,h233,1
400567,h392,1
400567,h24,1
400567,h328,1
400567,h243,1
400567,h303,1
400567,h113,1
400567,h186,1
400567,h267,1
400567,h29,1
400567,h370,1
400567,h480,1
400567,h330,1
400567,h168,1
400567,h22,1
400567,h331,1
400567,h412,1
400567,h332,1
400567,h25,1
400567,h391,1
401203,h206,1
401203,h443,1
401203,h212,1
401203,h116,1
401203,h475,1
401203,h231,1
401203,h52,1
401203,h438,1
401203,h114,1
401203,h299,1
401203,h241,1
401203,h441,1
401203,h486,1
401203,h110,1
401203,h94,1
401203,h470,1
401203,h489,1
401203,h82,1
401203,h234,1
401203,h415,1
401203,h291,1
401203,h79,1
401203,h23,1
401203,h286,1
401203,h261,1
401203,h20,1
401203,h478,1
401203,h115,1
401203,h26,1
401203,h418,1
401203,h97,1
401203,h302,1
401203,h245,1
401203,h268,1
401203,h288,1
401203,h247,1
401203,h342,1
401203,h395,1
401203,h301,1
401203,h49,1
401203,h117,1
401203,h334,1
401203,h389,1
401203,h390,1
401203,h211,1
401203,h287,1
401203,h407,1
401203,h236,1
401203,h80,1
401203,h246,1
401203,h413,1
401203,h244,1
401203,h210,1
401203,h125,1
401203,h227,1
401203,h306,1
401203,h476,1
401203,h266,1
401203,h378,1
401203,h123,1
401203,h292,1
401203,h233,1
401203,h392,1
401203,h24,1
401203,h328,1
401203,h243,1
401203,h374,1
401203,h113,1
401203,h186,1
401203,h267,1
401203,h29,1
401203,h480,1
401203,h304,1
401203,h330,1
401203,h168,1
401203,h22,1
401203,h252,1
401203,h331,1
401203,h412,1
401203,h332,1
401203,h25,1
401203,h391,1
400023,h206,1
400023,h163,1
400023,h443,1
400023,h212,1
400023,h116,1
400023,h475,1
400023,h231,1
400023,h52,1
400023,h438,1
400023,h114,1
400023,h299,1
400023,h112,1
400023,h241,1
400023,h126,1
400023,h343,1
400023,h486,1
400023,h110,1
400023,h94,1
400023,h470,1
400023,h162,1
400023,h469,1
400023,h82,1
400023,h242,1
400023,h234,1
400023,h415,1
400023,h291,1
400023,h79,1
400023,h286,1
400023,h261,1
400023,h481,1
400023,h20,1
400023,h478,1
400023,h115,1
400023,h26,1
400023,h256,1
400023,h406,1
400023,h418,1
400023,h97,1
400023,h302,1
400023,h245,1
400023,h268,1
400023,h288,1
400023,h247,1
400023,h164,1
400023,h165,1
400023,h301,1
400023,h477,1
400023,h49,1
400023,h117,1
400023,h334,1
400023,h390,1
400023,h211,1
400023,h287,1
400023,h407,1
400023,h409,1
400023,h236,1
400023,h80,1
400023,h246,1
400023,h124,1
400023,h413,1
400023,h244,1
400023,h125,1
400023,h227,1
400023,h306,1
400023,h476,1
400023,h266,1
400023,h378,1
400023,h292,1
400023,h442,1
400023,h233,1
400023,h392,1
400023,h24,1
400023,h328,1
400023,h289,1
400023,h243,1
400023,h113,1
400023,h186,1
400023,h267,1
400023,h29,1
400023,h480,1
400023,h304,1
400023,h330,1
400023,h248,1
400023,h168,1
400023,h22,1
400023,h25,1
400023,h391,1
400035,h206,1
400035,h81,1
400035,h300,1
400035,h163,1
400035,h443,1
400035,h290,1
400035,h212,1
400035,h116,1
400035,h475,1
400035,h231,1
400035,h440,1
400035,h438,1
400035,h114,1
400035,h112,1
400035,h241,1
400035,h126,1
400035,h343,1
400035,h111,1
400035,h486,1
400035,h110,1
400035,h94,1
400035,h235,1
400035,h213,1
400035,h270,1
400035,h162,1
400035,h469,1
400035,h75,1
400035,h234,1
400035,h415,1
400035,h79,1
400035,h121,1
400035,h28,1
400035,h23,1
400035,h261,1
400035,h265,1
400035,h481,1
400035,h20,1
400035,h478,1
400035,h26,1
400035,h256,1
400035,h406,1
400035,h418,1
400035,h97,1
400035,h302,1
400035,h245,1
400035,h288,1
400035,h379,1
400035,h164,1
400035,h342,1
400035,h83,1
400035,h187,1
400035,h253,1
400035,h477,1
400035,h117,1
400035,h109,1
400035,h389,1
400035,h211,1
400035,h287,1
400035,h407,1
400035,h333,1
400035,h80,1
400035,h246,1
400035,h124,1
400035,h413,1
400035,h244,1
400035,h50,1
400035,h78,1
400035,h125,1
400035,h387,1
400035,h306,1
400035,h476,1
400035,h396,1
400035,h285,1
400035,h123,1
400035,h292,1
400035,h442,1
400035,h233,1
400035,h392,1
400035,h24,1
400035,h328,1
400035,h289,1
400035,h243,1
400035,h254,1
400035,h377,1
400035,h374,1
400035,h258,1
400035,h113,1
400035,h77,1
400035,h55,1
400035,h480,1
400035,h304,1
400035,h22,1
400035,h252,1
400035,h412,1
400035,h25,1
400035,h471,1
400035,h228,1
401847,h206,1
401847,h163,1
401847,h290,1
401847,h212,1
401847,h116,1
401847,h475,1
401847,h231,1
401847,h52,1
401847,h114,1
401847,h299,1
401847,h112,1
401847,h126,1
401847,h343,1
401847,h441,1
401847,h111,1
401847,h486,1
401847,h110,1
401847,h94,1
401847,h470,1
401847,h489,1
401847,h75,1
401847,h82,1
401847,h234,1
401847,h415,1
401847,h291,1
401847,h79,1
401847,h286,1
401847,h261,1
401847,h481,1
401847,h20,1
401847,h478,1
401847,h115,1
401847,h26,1
401847,h406,1
401847,h418,1
401847,h97,1
401847,h369,1
401847,h302,1
401847,h245,1
401847,h268,1
401847,h288,1
401847,h247,1
401847,h342,1
401847,h395,1
401847,h187,1
401847,h301,1
401847,h49,1
401847,h117,1
401847,h109,1
401847,h334,1
401847,h389,1
401847,h390,1
401847,h211,1
401847,h287,1
401847,h407,1
401847,h236,1
401847,h80,1
401847,h246,1
401847,h124,1
401847,h413,1
401847,h244,1
401847,h210,1
401847,h125,1
401847,h393,1
401847,h227,1
401847,h368,1
401847,h373,1
401847,h306,1
401847,h476,1
401847,h266,1
401847,h378,1
401847,h285,1
401847,h123,1
401847,h292,1
401847,h442,1
401847,h233,1
401847,h24,1
401847,h328,1
401847,h289,1
401847,h243,1
401847,h374,1
401847,h113,1
401847,h186,1
401847,h267,1
401847,h29,1
401847,h370,1
401847,h480,1
401847,h304,1
401847,h330,1
401847,h168,1
401847,h22,1
401847,h252,1
401847,h331,1
401847,h412,1
401847,h332,1
401847,h25,1
401847,h471,1
402235,h206,1
402235,h163,1
402235,h443,1
402235,h290,1
402235,h212,1
402235,h116,1
402235,h475,1
402235,h231,1
402235,h52,1
402235,h438,1
402235,h114,1
402235,h299,1
402235,h112,1
402235,h241,1
402235,h441,1
402235,h486,1
402235,h110,1
402235,h94,1
402235,h470,1
402235,h489,1
402235,h82,1
402235,h234,1
402235,h415,1
402235,h291,1
402235,h79,1
402235,h121,1
402235,h23,1
402235,h286,1
402235,h261,1
402235,h20,1
402235,h478,1
402235,h115,1
402235,h26,1
402235,h406,1
402235,h418,1
402235,h97,1
402235,h369,1
402235,h245,1
402235,h268,1
402235,h288,1
402235,h342,1
402235,h301,1
402235,h49,1
402235,h117,1
402235,h109,1
402235,h334,1
402235,h390,1
402235,h211,1
402235,h287,1
402235,h407,1
402235,h236,1
402235,h80,1
402235,h246,1
402235,h124,1
402235,h413,1
402235,h244,1
402235,h210,1
402235,h125,1
402235,h227,1
402235,h368,1
402235,h306,1
402235,h476,1
402235,h266,1
402235,h378,1
402235,h285,1
402235,h123,1
402235,h292,1
402235,h233,1
402235,h392,1
402235,h24,1
402235,h328,1
402235,h243,1
402235,h374,1
402235,h113,1
402235,h186,1
402235,h267,1
402235,h29,1
402235,h370,1
402235,h480,1
402235,h304,1
402235,h330,1
402235,h168,1
402235,h22,1
402235,h252,1
402235,h331,1
402235,h412,1
402235,h332,1
402235,h25,1
402235,h391,1
402235,h228,1
402657,h206,1
402657,h300,1
402657,h163,1
402657,h443,1
402657,h212,1
402657,h116,1
402657,h475,1
402657,h231,1
402657,h440,1
402657,h52,1
402657,h114,1
402657,h299,1
402657,h112,1
402657,h241,1
402657,h126,1
402657,h343,1
402657,h111,1
402657,h486,1
402657,h408,1
402657,h110,1
402657,h94,1
402657,h184,1
402657,h235,1
402657,h213,1
402657,h162,1
402657,h469,1
402657,h82,1
402657,h234,1
402657,h185,1
402657,h415,1
402657,h79,1
402657,h23,1
402657,h261,1
402657,h481,1
402657,h20,1
402657,h478,1
402657,h115,1
402657,h26,1
402657,h406,1
402657,h418,1
402657,h97,1
402657,h302,1
402657,h245,1
402657,h268,1
402657,h288,1
402657,h247,1
402657,h164,1
402657,h342,1
402657,h83,1
402657,h187,1
402657,h49,1
402657,h117,1
402657,h334,1
402657,h390,1
402657,h211,1
402657,h287,1
402657,h407,1
402657,h386,1
402657,h236,1
402657,h80,1
402657,h246,1
402657,h124,1
402657,h413,1
402657,h244,1
402657,h125,1
402657,h387,1
402657,h306,1
402657,h476,1
402657,h266,1
402657,h378,1
402657,h285,1
402657,h123,1
402657,h292,1
402657,h442,1
402657,h233,1
402657,h24,1
402657,h328,1
402657,h243,1
402657,h113,1
402657,h267,1
402657,h29,1
402657,h480,1
402657,h304,1
402657,h330,1
402657,h168,1
402657,h22,1
402657,h252,1
402657,h25,1
402657,h471,1
402657,h228,1
402675,h206,1
402675,h163,1
402675,h443,1
402675,h290,1
402675,h212,1
402675,h116,1
402675,h475,1
402675,h231,1
402675,h52,1
402675,h438,1
402675,h114,1
402675,h299,1
402675,h112,1
402675,h241,1
402675,h126,1
402675,h441,1
402675,h486,1
402675,h110,1
402675,h94,1
402675,h82,1
402675,h234,1
402675,h415,1
402675,h291,1
402675,h79,1
402675,h23,1
402675,h286,1
402675,h261,1
402675,h481,1
402675,h20,1
402675,h478,1
402675,h115,1
402675,h26,1
402675,h418,1
402675,h97,1
402675,h245,1
402675,h268,1
402675,h288,1
402675,h247,1
402675,h342,1
402675,h187,1
402675,h301,1
402675,h253,1
402675,h49,1
402675,h117,1
402675,h109,1
402675,h334,1
402675,h390,1
402675,h211,1
402675,h287,1
402675,h407,1
402675,h236,1
402675,h80,1
402675,h246,1
402675,h124,1
402675,h413,1
402675,h244,1
402675,h210,1
402675,h125,1
402675,h227,1
402675,h368,1
402675,h306,1
402675,h476,1
402675,h266,1
402675,h378,1
402675,h285,1
402675,h123,1
402675,h292,1
402675,h442,1
402675,h233,1
402675,h392,1
402675,h24,1
402675,h328,1
402675,h289,1
402675,h243,1
402675,h303,1
402675,h374,1
402675,h113,1
402675,h267,1
402675,h29,1
402675,h480,1
402675,h330,1
402675,h168,1
402675,h22,1
402675,h331,1
402675,h332,1
402675,h25,1
402675,h471,1
402675,h228,1
402833,h206,1
402833,h81,1
402833,h300,1
402833,h163,1
402833,h443,1
402833,h290,1
402833,h212,1
402833,h116,1
402833,h475,1
402833,h231,1
402833,h438,1
402833,h114,1
402833,h299,1
402833,h112,1
402833,h126,1
402833,h343,1
402833,h441,1
402833,h111,1
402833,h486,1
402833,h408,1
402833,h110,1
402833,h94,1
402833,h235,1
402833,h213,1
402833,h270,1
402833,h162,1
402833,h488,1
402833,h469,1
402833,h264,1
402833,h75,1
402833,h242,1
402833,h185,1
402833,h291,1
402833,h79,1
402833,h121,1
402833,h28,1
402833,h23,1
402833,h180,1
402833,h261,1
402833,h265,1
402833,h481,1
402833,h478,1
402833,h115,1
402833,h256,1
402833,h416,1
402833,h418,1
402833,h369,1
402833,h302,1
402833,h288,1
402833,h379,1
402833,h164,1
402833,h165,1
402833,h83,1
402833,h395,1
402833,h187,1
402833,h253,1
402833,h477,1
402833,h117,1
402833,h109,1
402833,h334,1
402833,h389,1
402833,h390,1
402833,h211,1
402833,h287,1
402833,h407,1
402833,h409,1
402833,h417,1
402833,h411,1
402833,h333,1
402833,h386,1
402833,h80,1
402833,h246,1
402833,h124,1
402833,h413,1
402833,h244,1
402833,h50,1
402833,h78,1
402833,h125,1
402833,h387,1
402833,h368,1
402833,h306,1
402833,h476,1
402833,h285,1
402833,h292,1
402833,h442,1
402833,h233,1
402833,h392,1
402833,h24,1
402833,h328,1
402833,h289,1
402833,h254,1
402833,h377,1
402833,h258,1
402833,h113,1
402833,h77,1
402833,h55,1
402833,h370,1
402833,h480,1
402833,h304,1
402833,h248,1
402833,h168,1
402833,h252,1
402833,h25,1
402833,h181,1
402833,h471,1
402833,h228,1
402926,h206,1
402926,h81,1
402926,h163,1
402926,h290,1
402926,h212,1
402926,h116,1
402926,h475,1
402926,h231,1
402926,h52,1
402926,h114,1
402926,h299,1
402926,h126,1
402926,h343,1
402926,h441,1
402926,h486,1
402926,h408,1
402926,h110,1
402926,h94,1
402926,h235,1
402926,h213,1
402926,h270,1
402926,h162,1
402926,h250,1
402926,h469,1
402926,h75,1
402926,h234,1
402926,h185,1
402926,h79,1
402926,h23,1
402926,h286,1
402926,h180,1
402926,h20,1
402926,h478,1
402926,h115,1
402926,h26,1
402926,h406,1
402926,h416,1
402926,h418,1
402926,h97,1
402926,h369,1
402926,h302,1
402926,h245,1
402926,h268,1
402926,h288,1
402926,h379,1
402926,h247,1
402926,h341,1
402926,h342,1
402926,h83,1
402926,h187,1
402926,h301,1
402926,h117,1
402926,h389,1
402926,h390,1
402926,h211,1
402926,h287,1
402926,h407,1
402926,h417,1
402926,h236,1
402926,h80,1
402926,h246,1
402926,h124,1
402926,h413,1
402926,h244,1
402926,h125,1
402926,h387,1
402926,h227,1
402926,h368,1
402926,h306,1
402926,h476,1
402926,h266,1
402926,h396,1
402926,h378,1
402926,h123,1
402926,h292,1
402926,h442,1
402926,h233,1
402926,h392,1
402926,h24,1
402926,h328,1
402926,h289,1
402926,h243,1
402926,h377,1
402926,h258,1
402926,h113,1
402926,h77,1
402926,h55,1
402926,h267,1
402926,h370,1
402926,h480,1
402926,h304,1
402926,h330,1
402926,h22,1
402926,h252,1
402926,h331,1
402926,h25,1
402926,h181,1
402926,h471,1
402926,h228,1
300033,h206,1
300033,h163,1
300033,h443,1
300033,h290,1
300033,h212,1
300033,h116,1
300033,h475,1
300033,h231,1
300033,h52,1
300033,h438,1
300033,h299,1
300033,h112,1
300033,h486,1
300033,h110,1
300033,h94,1
300033,h470,1
300033,h489,1
300033,h82,1
300033,h234,1
300033,h415,1
300033,h291,1
300033,h79,1
300033,h286,1
300033,h261,1
300033,h20,1
300033,h478,1
300033,h115,1
300033,h26,1
300033,h418,1
300033,h97,1
300033,h369,1
300033,h302,1
300033,h245,1
300033,h268,1
300033,h288,1
300033,h342,1
300033,h301,1
300033,h49,1
300033,h117,1
300033,h334,1
300033,h389,1
300033,h211,1
300033,h287,1
300033,h407,1
300033,h386,1
300033,h236,1
300033,h80,1
300033,h246,1
300033,h124,1
300033,h413,1
300033,h244,1
300033,h210,1
300033,h125,1
300033,h393,1
300033,h227,1
300033,h368,1
300033,h373,1
300033,h476,1
300033,h266,1
300033,h378,1
300033,h285,1
300033,h123,1
300033,h292,1
300033,h233,1
300033,h24,1
300033,h328,1
300033,h289,1
300033,h243,1
300033,h374,1
300033,h113,1
300033,h186,1
300033,h267,1
300033,h29,1
300033,h370,1
300033,h480,1
300033,h304,1
300033,h330,1
300033,h168,1
300033,h22,1
300033,h252,1
300033,h331,1
300033,h412,1
300033,h332,1
300033,h25,1
300033,h391,1
400115,h206,1
400115,h163,1
400115,h290,1
400115,h212,1
400115,h116,1
400115,h231,1
400115,h52,1
400115,h299,1
400115,h441,1
400115,h486,1
400115,h110,1
400115,h94,1
400115,h470,1
400115,h489,1
400115,h82,1
400115,h242,1
400115,h234,1
400115,h415,1
400115,h291,1
400115,h79,1
400115,h261,1
400115,h20,1
400115,h478,1
400115,h115,1
400115,h26,1
400115,h418,1
400115,h97,1
400115,h369,1
400115,h245,1
400115,h268,1
400115,h288,1
400115,h342,1
400115,h301,1
400115,h49,1
400115,h117,1
400115,h334,1
400115,h390,1
400115,h211,1
400115,h287,1
400115,h236,1
400115,h80,1
400115,h246,1
400115,h413,1
400115,h244,1
400115,h210,1
400115,h393,1
400115,h227,1
400115,h368,1
400115,h373,1
400115,h306,1
400115,h476,1
400115,h266,1
400115,h378,1
400115,h123,1
400115,h292,1
400115,h442,1
400115,h233,1
400115,h328,1
400115,h243,1
400115,h303,1
400115,h374,1
400115,h113,1
400115,h186,1
400115,h267,1
400115,h29,1
400115,h370,1
400115,h480,1
400115,h330,1
400115,h168,1
400115,h22,1
400115,h331,1
400115,h412,1
400115,h332,1
400115,h25,1
400115,h391,1
404765,h206,1
404765,h81,1
404765,h300,1
404765,h163,1
404765,h212,1
404765,h116,1
404765,h475,1
404765,h231,1
404765,h114,1
404765,h299,1
404765,h112,1
404765,h126,1
404765,h343,1
404765,h441,1
404765,h111,1
404765,h486,1
404765,h408,1
404765,h110,1
404765,h94,1
404765,h235,1
404765,h213,1
404765,h270,1
404765,h162,1
404765,h469,1
404765,h264,1
404765,h75,1
404765,h242,1
404765,h185,1
404765,h415,1
404765,h28,1
404765,h23,1
404765,h265,1
404765,h481,1
404765,h20,1
404765,h478,1
404765,h115,1
404765,h97,1
404765,h302,1
404765,h245,1
404765,h288,1
404765,h379,1
404765,h165,1
404765,h342,1
404765,h83,1
404765,h395,1
404765,h187,1
404765,h253,1
404765,h117,1
404765,h109,1
404765,h389,1
404765,h211,1
404765,h287,1
404765,h407,1
404765,h409,1
404765,h236,1
404765,h246,1
404765,h124,1
404765,h244,1
404765,h50,1
404765,h78,1
404765,h125,1
404765,h306,1
404765,h476,1
404765,h396,1
404765,h42,1
404765,h233,1
404765,h392,1
404765,h24,1
404765,h204,1
404765,h328,1
404765,h289,1
404765,h243,1
404765,h377,1
404765,h113,1
404765,h77,1
404765,h55,1
404765,h480,1
404765,h304,1
404765,h248,1
404765,h22,1
404765,h252,1
404765,h25,1
404765,h181,1
404765,h471,1
404765,h228,1
404869,h206,1
404869,h81,1
404869,h300,1
404869,h163,1
404869,h443,1
404869,h212,1
404869,h116,1
404869,h475,1
404869,h231,1
404869,h440,1
404869,h438,1
404869,h114,1
404869,h299,1
404869,h112,1
404869,h241,1
404869,h126,1
404869,h343,1
404869,h111,1
404869,h486,1
404869,h110,1
404869,h94,1
404869,h489,1
404869,h162,1
404869,h469,1
404869,h234,1
404869,h185,1
404869,h415,1
404869,h291,1
404869,h79,1
404869,h28,1
404869,h23,1
404869,h286,1
404869,h481,1
404869,h20,1
404869,h478,1
404869,h115,1
404869,h26,1
404869,h406,1
404869,h418,1
404869,h97,1
404869,h245,1
404869,h268,1
404869,h288,1
404869,h341,1
404869,h83,1
404869,h395,1
404869,h205,1
404869,h187,1
404869,h301,1
404869,h477,1
404869,h49,1
404869,h117,1
404869,h109,1
404869,h334,1
404869,h390,1
404869,h211,1
404869,h287,1
404869,h407,1
404869,h236,1
404869,h80,1
404869,h246,1
404869,h124,1
404869,h413,1
404869,h244,1
404869,h210,1
404869,h50,1
404869,h125,1
404869,h387,1
404869,h227,1
404869,h306,1
404869,h476,1
404869,h266,1
404869,h378,1
404869,h285,1
404869,h123,1
404869,h292,1
404869,h233,1
404869,h24,1
404869,h328,1
404869,h289,1
404869,h243,1
404869,h303,1
404869,h254,1
404869,h374,1
404869,h113,1
404869,h77,1
404869,h267,1
404869,h480,1
404869,h168,1
404869,h22,1
404869,h412,1
404869,h25,1
404869,h471,1
404869,h228,1
405175,h206,1
405175,h290,1
405175,h212,1
405175,h116,1
405175,h52,1
405175,h299,1
405175,h112,1
405175,h241,1
405175,h441,1
405175,h486,1
405175,h110,1
405175,h94,1
405175,h470,1
405175,h489,1
405175,h82,1
405175,h234,1
405175,h415,1
405175,h291,1
405175,h79,1
405175,h286,1
405175,h261,1
405175,h20,1
405175,h478,1
405175,h115,1
405175,h26,1
405175,h418,1
405175,h97,1
405175,h369,1
405175,h245,1
405175,h268,1
405175,h342,1
405175,h301,1
405175,h49,1
405175,h117,1
405175,h334,1
405175,h390,1
405175,h211,1
405175,h236,1
405175,h80,1
405175,h246,1
405175,h413,1
405175,h244,1
405175,h210,1
405175,h393,1
405175,h227,1
405175,h368,1
405175,h373,1
405175,h476,1
405175,h266,1
405175,h378,1
405175,h123,1
405175,h292,1
405175,h442,1
405175,h328,1
405175,h289,1
405175,h243,1
405175,h303,1
405175,h374,1
405175,h113,1
405175,h186,1
405175,h267,1
405175,h29,1
405175,h370,1
405175,h480,1
405175,h330,1
405175,h168,1
405175,h22,1
405175,h252,1
405175,h331,1
405175,h412,1
405175,h332,1
405175,h25,1
405175,h391,1
405448,h206,1
405448,h163,1
405448,h443,1
405448,h290,1
405448,h212,1
405448,h116,1
405448,h475,1
405448,h231,1
405448,h52,1
405448,h438,1
405448,h114,1
405448,h299,1
405448,h112,1
405448,h126,1
405448,h486,1
405448,h110,1
405448,h94,1
405448,h489,1
405448,h82,1
405448,h234,1
405448,h415,1
405448,h291,1
405448,h79,1
405448,h23,1
405448,h286,1
405448,h261,1
405448,h20,1
405448,h478,1
405448,h115,1
405448,h26,1
405448,h418,1
405448,h97,1
405448,h369,1
405448,h245,1
405448,h268,1
405448,h288,1
405448,h342,1
405448,h395,1
405448,h187,1
405448,h301,1
405448,h49,1
405448,h117,1
405448,h334,1
405448,h390,1
405448,h211,1
405448,h287,1
405448,h407,1
405448,h236,1
405448,h80,1
405448,h246,1
405448,h413,1
405448,h244,1
405448,h210,1
405448,h125,1
405448,h227,1
405448,h368,1
405448,h306,1
405448,h476,1
405448,h266,1
405448,h378,1
405448,h285,1
405448,h123,1
405448,h292,1
405448,h442,1
405448,h233,1
405448,h392,1
405448,h24,1
405448,h328,1
405448,h289,1
405448,h243,1
405448,h303,1
405448,h374,1
405448,h113,1
405448,h267,1
405448,h29,1
405448,h370,1
405448,h480,1
405448,h330,1
405448,h168,1
405448,h22,1
405448,h252,1
405448,h331,1
405448,h412,1
405448,h332,1
405448,h25,1
405448,h471,1
400192,h206,1
400192,h163,1
400192,h290,1
400192,h212,1
400192,h116,1
400192,h475,1
400192,h231,1
400192,h52,1
400192,h114,1
400192,h299,1
400192,h112,1
400192,h126,1
400192,h343,1
400192,h441,1
400192,h111,1
400192,h486,1
400192,h110,1
400192,h94,1
400192,h470,1
400192,h489,1
400192,h82,1
400192,h234,1
400192,h415,1
400192,h291,1
400192,h79,1
400192,h121,1
400192,h23,1
400192,h261,1
400192,h481,1
400192,h20,1
400192,h478,1
400192,h115,1
400192,h26,1
400192,h406,1
400192,h418,1
400192,h97,1
400192,h369,1
400192,h245,1
400192,h268,1
400192,h288,1
400192,h247,1
400192,h342,1
400192,h395,1
400192,h49,1
400192,h117,1
400192,h334,1
400192,h389,1
400192,h390,1
400192,h211,1
400192,h287,1
400192,h407,1
400192,h236,1
400192,h80,1
400192,h246,1
400192,h124,1
400192,h413,1
400192,h244,1
400192,h210,1
400192,h125,1
400192,h387,1
400192,h227,1
400192,h368,1
400192,h373,1
400192,h306,1
400192,h476,1
400192,h266,1
400192,h378,1
400192,h123,1
400192,h292,1
400192,h442,1
400192,h233,1
400192,h24,1
400192,h328,1
400192,h289,1
400192,h374,1
400192,h113,1
400192,h186,1
400192,h267,1
400192,h29,1
400192,h370,1
400192,h480,1
400192,h304,1
400192,h330,1
400192,h168,1
400192,h22,1
400192,h252,1
400192,h331,1
400192,h332,1
400192,h25,1
400192,h391,1
400590,h206,1
400590,h163,1
400590,h443,1
400590,h290,1
400590,h212,1
400590,h116,1
400590,h475,1
400590,h231,1
400590,h52,1
400590,h114,1
400590,h299,1
400590,h112,1
400590,h126,1
400590,h486,1
400590,h110,1
400590,h94,1
400590,h470,1
400590,h489,1
400590,h82,1
400590,h234,1
400590,h415,1
400590,h291,1
400590,h79,1
400590,h23,1
400590,h261,1
400590,h481,1
400590,h20,1
400590,h478,1
400590,h115,1
400590,h26,1
400590,h418,1
400590,h97,1
400590,h369,1
400590,h245,1
400590,h268,1
400590,h288,1
400590,h341,1
400590,h395,1
400590,h301,1
400590,h49,1
400590,h117,1
400590,h334,1
400590,h390,1
400590,h211,1
400590,h287,1
400590,h407,1
400590,h411,1
400590,h80,1
400590,h246,1
400590,h124,1
400590,h413,1
400590,h244,1
400590,h210,1
400590,h125,1
400590,h227,1
400590,h368,1
400590,h373,1
400590,h306,1
400590,h476,1
400590,h266,1
400590,h378,1
400590,h285,1
400590,h123,1
400590,h292,1
400590,h442,1
400590,h233,1
400590,h392,1
400590,h24,1
400590,h328,1
400590,h289,1
400590,h243,1
400590,h303,1
400590,h374,1
400590,h113,1
400590,h186,1
400590,h267,1
400590,h29,1
400590,h370,1
400590,h480,1
400590,h330,1
400590,h168,1
400590,h22,1
400590,h252,1
400590,h331,1
400590,h332,1
400590,h25,1
400590,h228,1
406476,h206,1
406476,h163,1
406476,h443,1
406476,h290,1
406476,h212,1
406476,h116,1
406476,h475,1
406476,h231,1
406476,h52,1
406476,h438,1
406476,h114,1
406476,h299,1
406476,h126,1
406476,h111,1
406476,h486,1
406476,h110,1
406476,h94,1
406476,h470,1
406476,h489,1
406476,h82,1
406476,h242,1
406476,h234,1
406476,h415,1
406476,h291,1
406476,h79,1
406476,h286,1
406476,h261,1
406476,h481,1
406476,h20,1
406476,h478,1
406476,h115,1
406476,h26,1
406476,h406,1
406476,h418,1
406476,h97,1
406476,h369,1
406476,h245,1
406476,h268,1
406476,h288,1
406476,h342,1
406476,h395,1
406476,h301,1
406476,h49,1
406476,h117,1
406476,h334,1
406476,h390,1
406476,h211,1
406476,h287,1
406476,h411,1
406476,h386,1
406476,h80,1
406476,h246,1
406476,h124,1
406476,h413,1
406476,h244,1
406476,h210,1
406476,h125,1
406476,h227,1
406476,h368,1
406476,h306,1
406476,h476,1
406476,h266,1
406476,h378,1
406476,h285,1
406476,h123,1
406476,h292,1
406476,h233,1
406476,h392,1
406476,h328,1
406476,h303,1
406476,h374,1
406476,h113,1
406476,h186,1
406476,h267,1
406476,h29,1
406476,h370,1
406476,h480,1
406476,h330,1
406476,h168,1
406476,h22,1
406476,h252,1
406476,h331,1
406476,h412,1
406476,h332,1
406476,h25,1
406476,h391,1
406530,h206,1
406530,h163,1
406530,h290,1
406530,h212,1
406530,h116,1
406530,h475,1
406530,h231,1
406530,h52,1
406530,h438,1
406530,h114,1
406530,h299,1
406530,h112,1
406530,h441,1
406530,h486,1
406530,h110,1
406530,h94,1
406530,h470,1
406530,h489,1
406530,h82,1
406530,h242,1
406530,h234,1
406530,h415,1
406530,h291,1
406530,h79,1
406530,h261,1
406530,h481,1
406530,h20,1
406530,h478,1
406530,h115,1
406530,h26,1
406530,h406,1
406530,h418,1
406530,h97,1
406530,h369,1
406530,h302,1
406530,h245,1
406530,h268,1
406530,h288,1
406530,h247,1
406530,h342,1
406530,h83,1
406530,h301,1
406530,h49,1
406530,h117,1
406530,h334,1
406530,h211,1
406530,h287,1
406530,h407,1
406530,h236,1
406530,h80,1
406530,h246,1
406530,h124,1
406530,h413,1
406530,h244,1
406530,h210,1
406530,h125,1
406530,h393,1
406530,h368,1
406530,h373,1
406530,h306,1
406530,h476,1
406530,h266,1
406530,h378,1
406530,h123,1
406530,h292,1
406530,h442,1
406530,h233,1
406530,h24,1
406530,h328,1
406530,h243,1
406530,h374,1
406530,h113,1
406530,h186,1
406530,h267,1
406530,h29,1
406530,h370,1
406530,h480,1
406530,h304,1
406530,h330,1
406530,h168,1
406530,h22,1
406530,h252,1
406530,h331,1
406530,h412,1
406530,h332,1
406530,h25,1
406530,h391,1
406790,h206,1
406790,h163,1
406790,h443,1
406790,h290,1
406790,h212,1
406790,h116,1
406790,h475,1
406790,h231,1
406790,h52,1
406790,h438,1
406790,h114,1
406790,h299,1
406790,h112,1
406790,h241,1
406790,h126,1
406790,h343,1
406790,h486,1
406790,h110,1
406790,h94,1
406790,h213,1
406790,h469,1
406790,h82,1
406790,h234,1
406790,h415,1
406790,h291,1
406790,h79,1
406790,h23,1
406790,h261,1
406790,h481,1
406790,h478,1
406790,h115,1
406790,h26,1
406790,h418,1
406790,h97,1
406790,h369,1
406790,h302,1
406790,h245,1
406790,h268,1
406790,h288,1
406790,h247,1
406790,h342,1
406790,h395,1
406790,h301,1
406790,h49,1
406790,h117,1
406790,h334,1
406790,h490,1
406790,h390,1
406790,h211,1
406790,h287,1
406790,h407,1
406790,h236,1
406790,h80,1
406790,h246,1
406790,h124,1
406790,h413,1
406790,h244,1
406790,h210,1
406790,h125,1
406790,h227,1
406790,h368,1
406790,h373,1
406790,h306,1
406790,h476,1
406790,h266,1
406790,h378,1
406790,h123,1
406790,h292,1
406790,h442,1
406790,h233,1
406790,h24,1
406790,h328,1
406790,h289,1
406790,h243,1
406790,h303,1
406790,h374,1
406790,h113,1
406790,h186,1
406790,h267,1
406790,h29,1
406790,h370,1
406790,h480,1
406790,h330,1
406790,h168,1
406790,h252,1
406790,h331,1
406790,h412,1
406790,h332,1
406790,h25,1
406790,h471,1
406790,h391,1
406790,h228,1
406888,h206,1
406888,h163,1
406888,h443,1
406888,h290,1
406888,h212,1
406888,h116,1
406888,h231,1
406888,h52,1
406888,h438,1
406888,h114,1
406888,h299,1
406888,h112,1
406888,h241,1
406888,h126,1
406888,h441,1
406888,h486,1
406888,h110,1
406888,h94,1
406888,h470,1
406888,h489,1
406888,h82,1
406888,h234,1
406888,h415,1
406888,h291,1
406888,h79,1
406888,h286,1
406888,h261,1
406888,h481,1
406888,h20,1
406888,h478,1
406888,h115,1
406888,h26,1
406888,h406,1
406888,h418,1
406888,h97,1
406888,h369,1
406888,h245,1
406888,h268,1
406888,h342,1
406888,h301,1
406888,h49,1
406888,h117,1
406888,h109,1
406888,h334,1
406888,h390,1
406888,h211,1
406888,h287,1
406888,h236,1
406888,h80,1
406888,h246,1
406888,h124,1
406888,h413,1
406888,h244,1
406888,h210,1
406888,h125,1
406888,h227,1
406888,h368,1
406888,h373,1
406888,h306,1
406888,h476,1
406888,h266,1
406888,h378,1
406888,h123,1
406888,h292,1
406888,h233,1
406888,h392,1
406888,h24,1
406888,h328,1
406888,h243,1
406888,h303,1
406888,h374,1
406888,h113,1
406888,h186,1
406888,h267,1
406888,h29,1
406888,h370,1
406888,h480,1
406888,h330,1
406888,h168,1
406888,h22,1
406888,h252,1
406888,h331,1
406888,h412,1
406888,h332,1
406888,h25,1
406888,h391,1
400562,h206,1
400562,h163,1
400562,h443,1
400562,h290,1
400562,h212,1
400562,h116,1
400562,h475,1
400562,h231,1
400562,h52,1
400562,h114,1
400562,h299,1
400562,h112,1
400562,h241,1
400562,h441,1
400562,h486,1
400562,h110,1
400562,h94,1
400562,h470,1
400562,h489,1
400562,h469,1
400562,h82,1
400562,h234,1
400562,h415,1
400562,h291,1
400562,h79,1
400562,h23,1
400562,h180,1
400562,h261,1
400562,h20,1
400562,h478,1
400562,h115,1
400562,h26,1
400562,h418,1
400562,h97,1
400562,h369,1
400562,h302,1
400562,h245,1
400562,h268,1
400562,h288,1
400562,h342,1
400562,h395,1
400562,h301,1
400562,h49,1
400562,h117,1
400562,h334,1
400562,h390,1
400562,h211,1
400562,h287,1
400562,h407,1
400562,h236,1
400562,h80,1
400562,h246,1
400562,h413,1
400562,h244,1
400562,h210,1
400562,h125,1
400562,h227,1
400562,h368,1
400562,h373,1
400562,h476,1
400562,h266,1
400562,h378,1
400562,h123,1
400562,h292,1
400562,h442,1
400562,h233,1
400562,h24,1
400562,h328,1
400562,h289,1
400562,h243,1
400562,h303,1
400562,h374,1
400562,h113,1
400562,h186,1
400562,h267,1
400562,h29,1
400562,h370,1
400562,h480,1
400562,h330,1
400562,h168,1
400562,h22,1
400562,h252,1
400562,h331,1
400562,h332,1
400562,h25,1
407215,h206,1
407215,h163,1
407215,h443,1
407215,h290,1
407215,h212,1
407215,h116,1
407215,h231,1
407215,h440,1
407215,h52,1
407215,h438,1
407215,h299,1
407215,h126,1
407215,h441,1
407215,h486,1
407215,h110,1
407215,h94,1
407215,h489,1
407215,h162,1
407215,h469,1
407215,h264,1
407215,h234,1
407215,h291,1
407215,h79,1
407215,h28,1
407215,h286,1
407215,h261,1
407215,h20,1
407215,h478,1
407215,h26,1
407215,h256,1
407215,h416,1
407215,h418,1
407215,h97,1
407215,h369,1
407215,h245,1
407215,h288,1
407215,h247,1
407215,h342,1
407215,h83,1
407215,h187,1
407215,h301,1
407215,h49,1
407215,h117,1
407215,h109,1
407215,h389,1
407215,h390,1
407215,h211,1
407215,h287,1
407215,h407,1
407215,h417,1
407215,h411,1
407215,h386,1
407215,h236,1
407215,h80,1
407215,h246,1
407215,h124,1
407215,h413,1
407215,h244,1
407215,h50,1
407215,h125,1
407215,h368,1
407215,h306,1
407215,h476,1
407215,h396,1
407215,h378,1
407215,h285,1
407215,h123,1
407215,h292,1
407215,h442,1
407215,h233,1
407215,h392,1
407215,h24,1
407215,h328,1
407215,h243,1
407215,h303,1
407215,h254,1
407215,h374,1
407215,h258,1
407215,h113,1
407215,h77,1
407215,h55,1
407215,h267,1
407215,h370,1
407215,h480,1
407215,h330,1
407215,h22,1
407215,h252,1
407215,h331,1
407215,h412,1
407215,h332,1
407215,h25,1
407215,h471,1
407320,h206,1
407320,h163,1
407320,h290,1
407320,h212,1
407320,h116,1
407320,h231,1
407320,h52,1
407320,h114,1
407320,h299,1
407320,h112,1
407320,h241,1
407320,h126,1
407320,h441,1
407320,h111,1
407320,h486,1
407320,h110,1
407320,h94,1
407320,h470,1
407320,h489,1
407320,h82,1
407320,h242,1
407320,h234,1
407320,h415,1
407320,h291,1
407320,h79,1
407320,h23,1
407320,h286,1
407320,h481,1
407320,h20,1
407320,h478,1
407320,h115,1
407320,h26,1
407320,h406,1
407320,h418,1
407320,h97,1
407320,h369,1
407320,h245,1
407320,h268,1
407320,h288,1
407320,h342,1
407320,h301,1
407320,h49,1
407320,h117,1
407320,h109,1
407320,h390,1
407320,h211,1
407320,h287,1
407320,h407,1
407320,h236,1
407320,h80,1
407320,h246,1
407320,h124,1
407320,h413,1
407320,h244,1
407320,h210,1
407320,h125,1
407320,h227,1
407320,h368,1
407320,h373,1
407320,h476,1
407320,h266,1
407320,h396,1
407320,h378,1
407320,h123,1
407320,h292,1
407320,h233,1
407320,h24,1
407320,h328,1
407320,h243,1
407320,h374,1
407320,h113,1
407320,h186,1
407320,h267,1
407320,h29,1
407320,h370,1
407320,h480,1
407320,h304,1
407320,h330,1
407320,h168,1
407320,h22,1
407320,h252,1
407320,h412,1
407320,h25,1
407457,h206,1
407457,h163,1
407457,h212,1
407457,h116,1
407457,h475,1
407457,h231,1
407457,h52,1
407457,h114,1
407457,h299,1
407457,h112,1
407457,h241,1
407457,h126,1
407457,h343,1
407457,h441,1
407457,h111,1
407457,h486,1
407457,h110,1
407457,h94,1
407457,h489,1
407457,h213,1
407457,h82,1
407457,h242,1
407457,h234,1
407457,h415,1
407457,h79,1
407457,h261,1
407457,h481,1
407457,h20,1
407457,h478,1
407457,h115,1
407457,h26,1
407457,h406,1
407457,h97,1
407457,h369,1
407457,h245,1
407457,h268,1
407457,h288,1
407457,h164,1
407457,h342,1
407457,h83,1
407457,h395,1
407457,h187,1
407457,h301,1
407457,h253,1
407457,h49,1
407457,h117,1
407457,h109,1
407457,h334,1
407457,h389,1
407457,h211,1
407457,h287,1
407457,h407,1
407457,h386,1
407457,h80,1
407457,h246,1
407457,h124,1
407457,h413,1
407457,h244,1
407457,h125,1
407457,h393,1
407457,h387,1
407457,h368,1
407457,h373,1
407457,h306,1
407457,h476,1
407457,h266,1
407457,h378,1
407457,h285,1
407457,h123,1
407457,h292,1
407457,h442,1
407457,h233,1
407457,h24,1
407457,h328,1
407457,h289,1
407457,h243,1
407457,h303,1
407457,h374,1
407457,h113,1
407457,h267,1
407457,h29,1
407457,h370,1
407457,h480,1
407457,h330,1
407457,h168,1
407457,h22,1
407457,h252,1
407457,h331,1
407457,h412,1
407457,h25,1
407457,h471,1
407457,h391,1
407457,h228,1
407506,h206,1
407506,h81,1
407506,h300,1
407506,h163,1
407506,h443,1
407506,h290,1
407506,h212,1
407506,h116,1
407506,h475,1
407506,h231,1
407506,h438,1
407506,h114,1
407506,h299,1
407506,h112,1
407506,h126,1
407506,h343,1
407506,h111,1
407506,h486,1
407506,h110,1
407506,h94,1
407506,h235,1
407506,h213,1
407506,h270,1
407506,h162,1
407506,h469,1
407506,h234,1
407506,h415,1
407506,h28,1
407506,h286,1
407506,h261,1
407506,h265,1
407506,h481,1
407506,h20,1
407506,h478,1
407506,h115,1
407506,h256,1
407506,h406,1
407506,h418,1
407506,h97,1
407506,h302,1
407506,h245,1
407506,h288,1
407506,h379,1
407506,h247,1
407506,h164,1
407506,h165,1
407506,h342,1
407506,h83,1
407506,h187,1
407506,h301,1
407506,h253,1
407506,h117,1
407506,h109,1
407506,h389,1
407506,h390,1
407506,h211,1
407506,h287,1
407506,h407,1
407506,h386,1
407506,h236,1
407506,h246,1
407506,h124,1
407506,h413,1
407506,h244,1
407506,h50,1
407506,h78,1
407506,h125,1
407506,h393,1
407506,h387,1
407506,h227,1
407506,h306,1
407506,h476,1
407506,h266,1
407506,h396,1
407506,h285,1
407506,h123,1
407506,h292,1
407506,h442,1
407506,h233,1
407506,h24,1
407506,h328,1
407506,h289,1
407506,h243,1
407506,h377,1
407506,h374,1
407506,h113,1
407506,h77,1
407506,h55,1
407506,h267,1
407506,h480,1
407506,h304,1
407506,h22,1
407506,h252,1
407506,h331,1
407506,h412,1
407506,h25,1
407506,h471,1
407506,h228,1
407894,h206,1
407894,h163,1
407894,h443,1
407894,h212,1
407894,h116,1
407894,h475,1
407894,h231,1
407894,h52,1
407894,h438,1
407894,h114,1
407894,h299,1
407894,h112,1
407894,h241,1
407894,h126,1
407894,h441,1
407894,h111,1
407894,h486,1
407894,h110,1
407894,h94,1
407894,h470,1
407894,h489,1
407894,h162,1
407894,h82,1
407894,h234,1
407894,h415,1
407894,h79,1
407894,h23,1
407894,h261,1
407894,h481,1
407894,h20,1
407894,h478,1
407894,h115,1
407894,h26,1
407894,h406,1
407894,h418,1
407894,h97,1
407894,h245,1
407894,h268,1
407894,h288,1
407894,h164,1
407894,h342,1
407894,h301,1
407894,h49,1
407894,h117,1
407894,h334,1
407894,h490,1
407894,h390,1
407894,h211,1
407894,h287,1
407894,h407,1
407894,h386,1
407894,h236,1
407894,h80,1
407894,h246,1
407894,h124,1
407894,h413,1
407894,h244,1
407894,h210,1
407894,h227,1
407894,h373,1
407894,h306,1
407894,h476,1
407894,h266,1
407894,h378,1
407894,h123,1
407894,h292,1
407894,h442,1
407894,h233,1
407894,h392,1
407894,h24,1
407894,h328,1
407894,h243,1
407894,h303,1
407894,h113,1
407894,h186,1
407894,h267,1
407894,h29,1
407894,h480,1
407894,h330,1
407894,h168,1
407894,h22,1
407894,h252,1
407894,h331,1
407894,h25,1
408092,h206,1
408092,h163,1
408092,h443,1
408092,h212,1
408092,h116,1
408092,h475,1
408092,h231,1
408092,h52,1
408092,h438,1
408092,h114,1
408092,h299,1
408092,h112,1
408092,h241,1
408092,h126,1
408092,h343,1
408092,h111,1
408092,h486,1
408092,h110,1
408092,h94,1
408092,h470,1
408092,h489,1
408092,h213,1
408092,h82,1
408092,h234,1
408092,h415,1
408092,h291,1
408092,h79,1
408092,h286,1
408092,h261,1
408092,h20,1
408092,h478,1
408092,h115,1
408092,h26,1
408092,h406,1
408092,h418,1
408092,h97,1
408092,h369,1
408092,h245,1
408092,h268,1
408092,h288,1
408092,h301,1
408092,h49,1
408092,h117,1
408092,h109,1
408092,h334,1
408092,h389,1
408092,h390,1
408092,h211,1
408092,h287,1
408092,h407,1
408092,h236,1
408092,h80,1
408092,h246,1
408092,h124,1
408092,h413,1
408092,h244,1
408092,h125,1
408092,h227,1
408092,h368,1
408092,h306,1
408092,h476,1
408092,h266,1
408092,h378,1
408092,h285,1
408092,h123,1
408092,h292,1
408092,h442,1
408092,h233,1
408092,h392,1
408092,h24,1
408092,h328,1
408092,h289,1
408092,h303,1
408092,h113,1
408092,h186,1
408092,h267,1
408092,h29,1
408092,h370,1
408092,h480,1
408092,h330,1
408092,h168,1
408092,h22,1
408092,h252,1
408092,h331,1
408092,h412,1
408092,h25,1
408457,h81,1
408457,h300,1
408457,h163,1
408457,h443,1
408457,h290,1
408457,h116,1
408457,h475,1
408457,h438,1
408457,h114,1
408457,h112,1
408457,h241,1
408457,h126,1
408457,h111,1
408457,h486,1
408457,h408,1
408457,h110,1
408457,h235,1
408457,h213,1
408457,h270,1
408457,h162,1
408457,h250,1
408457,h488,1
408457,h469,1
408457,h264,1
408457,h75,1
408457,h242,1
408457,h185,1
408457,h291,1
408457,h121,1
408457,h28,1
408457,h286,1
408457,h180,1
408457,h265,1
408457,h481,1
408457,h478,1
408457,h256,1
408457,h406,1
408457,h202,1
408457,h416,1
408457,h302,1
408457,h245,1
408457,h288,1
408457,h379,1
408457,h247,1
408457,h164,1
408457,h165,1
408457,h341,1
408457,h342,1
408457,h83,1
408457,h205,1
408457,h187,1
408457,h253,1
408457,h477,1
408457,h117,1
408457,h120,1
408457,h109,1
408457,h490,1
408457,h389,1
408457,h390,1
408457,h287,1
408457,h407,1
408457,h409,1
408457,h203,1
408457,h333,1
408457,h386,1
408457,h246,1
408457,h124,1
408457,h413,1
408457,h244,1
408457,h259,1
408457,h50,1
408457,h78,1
408457,h125,1
408457,h387,1
408457,h306,1
408457,h476,1
408457,h396,1
408457,h207,1
408457,h298,1
408457,h42,1
408457,h285,1
408457,h292,1
408457,h392,1
408457,h24,1
408457,h204,1
408457,h328,1
408457,h289,1
408457,h243,1
408457,h254,1
408457,h377,1
408457,h258,1
408457,h113,1
408457,h77,1
408457,h55,1
408457,h480,1
408457,h304,1
408457,h329,1
408457,h248,1
408457,h252,1
408457,h25,1
408457,h181,1
408457,h471,1
408457,h391,1
408457,h228,1
400318,h206,1
400318,h300,1
400318,h163,1
400318,h443,1
400318,h290,1
400318,h212,1
400318,h116,1
400318,h475,1
400318,h231,1
400318,h440,1
400318,h52,1
400318,h438,1
400318,h299,1
400318,h126,1
400318,h486,1
400318,h408,1
400318,h110,1
400318,h94,1
400318,h470,1
400318,h489,1
400318,h162,1
400318,h469,1
400318,h82,1
400318,h242,1
400318,h234,1
400318,h185,1
400318,h415,1
400318,h291,1
400318,h79,1
400318,h23,1
400318,h286,1
400318,h481,1
400318,h20,1
400318,h478,1
400318,h115,1
400318,h26,1
400318,h406,1
400318,h418,1
400318,h97,1
400318,h369,1
400318,h245,1
400318,h268,1
400318,h288,1
400318,h247,1
400318,h341,1
400318,h83,1
400318,h395,1
400318,h301,1
400318,h49,1
400318,h117,1
400318,h334,1
400318,h490,1
400318,h390,1
400318,h211,1
400318,h287,1
400318,h407,1
400318,h409,1
400318,h411,1
400318,h236,1
400318,h80,1
400318,h246,1
400318,h124,1
400318,h413,1
400318,h244,1
400318,h210,1
400318,h125,1
400318,h387,1
400318,h368,1
400318,h373,1
400318,h306,1
400318,h476,1
400318,h266,1
400318,h378,1
400318,h285,1
400318,h292,1
400318,h442,1
400318,h233,1
400318,h392,1
400318,h328,1
400318,h303,1
400318,h374,1
400318,h113,1
400318,h186,1
400318,h267,1
400318,h29,1
400318,h370,1
400318,h480,1
400318,h168,1
400318,h22,1
400318,h25,1
400604,h206,1
400604,h81,1
400604,h163,1
400604,h290,1
400604,h212,1
400604,h116,1
400604,h475,1
400604,h231,1
400604,h52,1
400604,h438,1
400604,h114,1
400604,h299,1
400604,h112,1
400604,h126,1
400604,h441,1
400604,h111,1
400604,h486,1
400604,h110,1
400604,h94,1
400604,h235,1
400604,h213,1
400604,h162,1
400604,h469,1
400604,h234,1
400604,h415,1
400604,h291,1
400604,h79,1
400604,h286,1
400604,h261,1
400604,h481,1
400604,h20,1
400604,h478,1
400604,h115,1
400604,h26,1
400604,h418,1
400604,h97,1
400604,h369,1
400604,h302,1
400604,h245,1
400604,h268,1
400604,h288,1
400604,h247,1
400604,h164,1
400604,h165,1
400604,h342,1
400604,h83,1
400604,h395,1
400604,h187,1
400604,h49,1
400604,h117,1
400604,h334,1
400604,h389,1
400604,h390,1
400604,h211,1
400604,h287,1
400604,h407,1
400604,h386,1
400604,h236,1
400604,h80,1
400604,h246,1
400604,h124,1
400604,h413,1
400604,h244,1
400604,h125,1
400604,h387,1
400604,h227,1
400604,h306,1
400604,h476,1
400604,h266,1
400604,h378,1
400604,h285,1
400604,h123,1
400604,h292,1
400604,h442,1
400604,h233,1
400604,h24,1
400604,h328,1
400604,h289,1
400604,h374,1
400604,h113,1
400604,h55,1
400604,h267,1
400604,h29,1
400604,h370,1
400604,h480,1
400604,h304,1
400604,h330,1
400604,h168,1
400604,h22,1
400604,h252,1
400604,h331,1
400604,h25,1
400604,h471,1
400334,h206,1
400334,h163,1
400334,h443,1
400334,h290,1
400334,h212,1
400334,h116,1
400334,h475,1
400334,h231,1
400334,h52,1
400334,h438,1
400334,h114,1
400334,h299,1
400334,h241,1
400334,h126,1
400334,h111,1
400334,h486,1
400334,h110,1
400334,h94,1
400334,h489,1
400334,h213,1
400334,h162,1
400334,h469,1
400334,h82,1
400334,h242,1
400334,h234,1
400334,h291,1
400334,h79,1
400334,h23,1
400334,h261,1
400334,h481,1
400334,h478,1
400334,h115,1
400334,h26,1
400334,h406,1
400334,h416,1
400334,h418,1
400334,h97,1
400334,h369,1
400334,h302,1
400334,h245,1
400334,h268,1
400334,h288,1
400334,h379,1
400334,h247,1
400334,h164,1
400334,h342,1
400334,h83,1
400334,h301,1
400334,h49,1
400334,h117,1
400334,h334,1
400334,h389,1
400334,h390,1
400334,h211,1
400334,h287,1
400334,h407,1
400334,h417,1
400334,h386,1
400334,h236,1
400334,h80,1
400334,h246,1
400334,h124,1
400334,h413,1
400334,h244,1
400334,h125,1
400334,h387,1
400334,h368,1
400334,h373,1
400334,h306,1
400334,h476,1
400334,h266,1
400334,h378,1
400334,h285,1
400334,h123,1
400334,h292,1
400334,h442,1
400334,h233,1
400334,h24,1
400334,h328,1
400334,h289,1
400334,h243,1
400334,h254,1
400334,h374,1
400334,h113,1
400334,h186,1
400334,h267,1
400334,h370,1
400334,h480,1
400334,h304,1
400334,h330,1
400334,h168,1
400334,h252,1
400334,h412,1
400334,h25,1
400334,h471,1
300083,h206,1
300083,h163,1
300083,h290,1
300083,h212,1
300083,h116,1
300083,h475,1
300083,h231,1
300083,h52,1
300083,h438,1
300083,h299,1
300083,h241,1
300083,h126,1
300083,h441,1
300083,h486,1
300083,h110,1
300083,h94,1
300083,h489,1
300083,h82,1
300083,h234,1
300083,h415,1
300083,h291,1
300083,h79,1
300083,h286,1
300083,h261,1
300083,h481,1
300083,h20,1
300083,h478,1
300083,h115,1
300083,h26,1
300083,h406,1
300083,h418,1
300083,h97,1
300083,h245,1
300083,h268,1
300083,h288,1
300083,h247,1
300083,h342,1
300083,h187,1
300083,h301,1
300083,h49,1
300083,h117,1
300083,h109,1
300083,h334,1
300083,h389,1
300083,h390,1
300083,h211,1
300083,h287,1
300083,h407,1
300083,h236,1
300083,h80,1
300083,h246,1
300083,h124,1
300083,h413,1
300083,h244,1
300083,h210,1
300083,h125,1
300083,h227,1
300083,h306,1
300083,h476,1
300083,h266,1
300083,h378,1
300083,h285,1
300083,h123,1
300083,h292,1
300083,h233,1
300083,h392,1
300083,h24,1
300083,h328,1
300083,h289,1
300083,h303,1
300083,h113,1
300083,h267,1
300083,h29,1
300083,h480,1
300083,h330,1
300083,h168,1
300083,h22,1
300083,h252,1
300083,h331,1
300083,h412,1
300083,h332,1
300083,h25,1
300083,h471,1
409308,h206,1
409308,h163,1
409308,h443,1
409308,h290,1
409308,h212,1
409308,h116,1
409308,h475,1
409308,h231,1
409308,h52,1
409308,h114,1
409308,h299,1
409308,h112,1
409308,h241,1
409308,h126,1
409308,h343,1
409308,h441,1
409308,h111,1
409308,h486,1
409308,h110,1
409308,h94,1
409308,h470,1
409308,h489,1
409308,h82,1
409308,h234,1
409308,h415,1
409308,h291,1
409308,h79,1
409308,h23,1
409308,h286,1
409308,h261,1
409308,h481,1
409308,h20,1
409308,h478,1
409308,h115,1
409308,h26,1
409308,h406,1
409308,h418,1
409308,h97,1
409308,h369,1
409308,h245,1
409308,h268,1
409308,h288,1
409308,h342,1
409308,h301,1
409308,h49,1
409308,h117,1
409308,h334,1
409308,h389,1
409308,h390,1
409308,h211,1
409308,h287,1
409308,h407,1
409308,h236,1
409308,h80,1
409308,h246,1
409308,h124,1
409308,h413,1
409308,h244,1
409308,h210,1
409308,h227,1
409308,h368,1
409308,h373,1
409308,h306,1
409308,h476,1
409308,h266,1
409308,h378,1
409308,h123,1
409308,h292,1
409308,h442,1
409308,h233,1
409308,h24,1
409308,h328,1
409308,h243,1
409308,h303,1
409308,h374,1
409308,h113,1
409308,h186,1
409308,h267,1
409308,h29,1
409308,h370,1
409308,h480,1
409308,h330,1
409308,h168,1
409308,h22,1
409308,h252,1
409308,h331,1
409308,h412,1
409308,h332,1
409308,h25,1
400340,h206,1
400340,h163,1
400340,h443,1
400340,h212,1
400340,h116,1
400340,h475,1
400340,h231,1
400340,h52,1
400340,h438,1
400340,h114,1
400340,h299,1
400340,h112,1
400340,h241,1
400340,h126,1
400340,h343,1
400340,h486,1
400340,h110,1
400340,h94,1
400340,h489,1
400340,h213,1
400340,h82,1
400340,h234,1
400340,h79,1
400340,h23,1
400340,h286,1
400340,h261,1
400340,h481,1
400340,h20,1
400340,h478,1
400340,h115,1
400340,h26,1
400340,h406,1
400340,h416,1
400340,h418,1
400340,h97,1
400340,h369,1
400340,h245,1
400340,h268,1
400340,h288,1
400340,h247,1
400340,h342,1
400340,h301,1
400340,h49,1
400340,h117,1
400340,h334,1
400340,h389,1
400340,h390,1
400340,h211,1
400340,h287,1
400340,h407,1
400340,h417,1
400340,h80,1
400340,h246,1
400340,h124,1
400340,h413,1
400340,h244,1
400340,h210,1
400340,h125,1
400340,h387,1
400340,h227,1
400340,h368,1
400340,h373,1
400340,h306,1
400340,h476,1
400340,h266,1
400340,h378,1
400340,h285,1
400340,h123,1
400340,h292,1
400340,h233,1
400340,h24,1
400340,h328,1
400340,h243,1
400340,h303,1
400340,h374,1
400340,h113,1
400340,h186,1
400340,h267,1
400340,h29,1
400340,h370,1
400340,h480,1
400340,h330,1
400340,h168,1
400340,h22,1
400340,h252,1
400340,h331,1
400340,h412,1
400340,h25,1
400340,h391,1
400340,h228,1
409454,h206,1
409454,h163,1
409454,h290,1
409454,h212,1
409454,h116,1
409454,h475,1
409454,h231,1
409454,h52,1
409454,h438,1
409454,h114,1
409454,h299,1
409454,h112,1
409454,h241,1
409454,h343,1
409454,h441,1
409454,h486,1
409454,h110,1
409454,h94,1
409454,h470,1
409454,h489,1
409454,h213,1
409454,h82,1
409454,h242,1
409454,h234,1
409454,h415,1
409454,h291,1
409454,h79,1
409454,h261,1
409454,h20,1
409454,h478,1
409454,h115,1
409454,h26,1
409454,h406,1
409454,h418,1
409454,h97,1
409454,h369,1
409454,h245,1
409454,h268,1
409454,h288,1
409454,h247,1
409454,h164,1
409454,h342,1
409454,h301,1
409454,h49,1
409454,h117,1
409454,h334,1
409454,h389,1
409454,h390,1
409454,h211,1
409454,h236,1
409454,h80,1
409454,h246,1
409454,h124,1
409454,h413,1
409454,h244,1
409454,h210,1
409454,h393,1
409454,h227,1
409454,h368,1
409454,h373,1
409454,h306,1
409454,h476,1
409454,h266,1
409454,h378,1
409454,h123,1
409454,h292,1
409454,h233,1
409454,h328,1
409454,h243,1
409454,h303,1
409454,h374,1
409454,h113,1
409454,h186,1
409454,h267,1
409454,h29,1
409454,h370,1
409454,h480,1
409454,h330,1
409454,h168,1
409454,h22,1
409454,h331,1
409454,h412,1
409454,h332,1
409454,h25,1
409454,h391,1
409500,h81,1
409500,h300,1
409500,h163,1
409500,h116,1
409500,h475,1
409500,h438,1
409500,h114,1
409500,h112,1
409500,h241,1
409500,h126,1
409500,h111,1
409500,h486,1
409500,h408,1
409500,h110,1
409500,h184,1
409500,h235,1
409500,h213,1
409500,h270,1
409500,h162,1
409500,h250,1
409500,h488,1
409500,h264,1
409500,h75,1
409500,h242,1
409500,h185,1
409500,h121,1
409500,h28,1
409500,h23,1
409500,h286,1
409500,h180,1
409500,h265,1
409500,h481,1
409500,h478,1
409500,h115,1
409500,h256,1
409500,h406,1
409500,h202,1
409500,h416,1
409500,h418,1
409500,h369,1
409500,h288,1
409500,h379,1
409500,h247,1
409500,h164,1
409500,h165,1
409500,h341,1
409500,h83,1
409500,h395,1
409500,h205,1
409500,h187,1
409500,h301,1
409500,h253,1
409500,h117,1
409500,h120,1
409500,h109,1
409500,h334,1
409500,h490,1
409500,h287,1
409500,h407,1
409500,h409,1
409500,h417,1
409500,h203,1
409500,h411,1
409500,h333,1
409500,h386,1
409500,h236,1
409500,h246,1
409500,h124,1
409500,h244,1
409500,h50,1
409500,h78,1
409500,h125,1
409500,h387,1
409500,h368,1
409500,h306,1
409500,h476,1
409500,h298,1
409500,h285,1
409500,h392,1
409500,h24,1
409500,h204,1
409500,h328,1
409500,h289,1
409500,h303,1
409500,h254,1
409500,h377,1
409500,h258,1
409500,h113,1
409500,h77,1
409500,h55,1
409500,h370,1
409500,h480,1
409500,h329,1
409500,h248,1
409500,h168,1
409500,h252,1
409500,h25,1
409500,h181,1
409500,h471,1
409500,h21,1
409500,h228,1
400365,h206,1
400365,h300,1
400365,h163,1
400365,h443,1
400365,h290,1
400365,h212,1
400365,h116,1
400365,h231,1
400365,h440,1
400365,h52,1
400365,h438,1
400365,h299,1
400365,h486,1
400365,h110,1
400365,h94,1
400365,h489,1
400365,h162,1
400365,h82,1
400365,h234,1
400365,h415,1
400365,h291,1
400365,h79,1
400365,h286,1
400365,h481,1
400365,h20,1
400365,h478,1
400365,h115,1
400365,h26,1
400365,h406,1
400365,h418,1
400365,h97,1
400365,h369,1
400365,h245,1
400365,h268,1
400365,h288,1
400365,h247,1
400365,h341,1
400365,h83,1
400365,h187,1
400365,h301,1
400365,h49,1
400365,h334,1
400365,h211,1
400365,h287,1
400365,h407,1
400365,h411,1
400365,h236,1
400365,h80,1
400365,h246,1
400365,h124,1
400365,h413,1
400365,h244,1
400365,h210,1
400365,h227,1
400365,h368,1
400365,h373,1
400365,h476,1
400365,h266,1
400365,h378,1
400365,h285,1
400365,h123,1
400365,h292,1
400365,h233,1
400365,h392,1
400365,h24,1
400365,h328,1
400365,h243,1
400365,h303,1
400365,h374,1
400365,h113,1
400365,h267,1
400365,h370,1
400365,h480,1
400365,h330,1
400365,h168,1
400365,h22,1
400365,h252,1
400365,h331,1
400365,h332,1
400365,h25,1
400365,h471,1
400365,h391,1
400374,h206,1
400374,h163,1
400374,h443,1
400374,h290,1
400374,h212,1
400374,h116,1
400374,h475,1
400374,h231,1
400374,h52,1
400374,h438,1
400374,h299,1
400374,h112,1
400374,h126,1
400374,h486,1
400374,h110,1
400374,h94,1
400374,h470,1
400374,h489,1
400374,h82,1
400374,h234,1
400374,h415,1
400374,h291,1
400374,h79,1
400374,h261,1
400374,h20,1
400374,h478,1
400374,h115,1
400374,h26,1
400374,h406,1
400374,h418,1
400374,h97,1
400374,h369,1
400374,h245,1
400374,h268,1
400374,h288,1
400374,h342,1
400374,h83,1
400374,h187,1
400374,h301,1
400374,h49,1
400374,h117,1
400374,h334,1
400374,h390,1
400374,h211,1
400374,h407,1
400374,h236,1
400374,h80,1
400374,h246,1
400374,h124,1
400374,h413,1
400374,h244,1
400374,h210,1
400374,h125,1
400374,h227,1
400374,h368,1
400374,h373,1
400374,h306,1
400374,h476,1
400374,h266,1
400374,h378,1
400374,h123,1
400374,h292,1
400374,h442,1
400374,h233,1
400374,h24,1
400374,h328,1
400374,h243,1
400374,h303,1
400374,h374,1
400374,h113,1
400374,h186,1
400374,h267,1
400374,h29,1
400374,h370,1
400374,h480,1
400374,h330,1
400374,h168,1
400374,h22,1
400374,h252,1
400374,h331,1
400374,h412,1
400374,h332,1
400374,h25,1
400374,h228,1
410010,h206,1
410010,h163,1
410010,h290,1
410010,h212,1
410010,h116,1
410010,h231,1
410010,h52,1
410010,h438,1
410010,h299,1
410010,h441,1
410010,h486,1
410010,h110,1
410010,h94,1
410010,h470,1
410010,h489,1
410010,h82,1
410010,h234,1
410010,h415,1
410010,h291,1
410010,h79,1
410010,h286,1
410010,h261,1
410010,h20,1
410010,h478,1
410010,h115,1
410010,h26,1
410010,h406,1
410010,h418,1
410010,h97,1
410010,h369,1
410010,h245,1
410010,h268,1
410010,h247,1
410010,h301,1
410010,h49,1
410010,h117,1
410010,h334,1
410010,h390,1
410010,h211,1
410010,h407,1
410010,h386,1
410010,h236,1
410010,h80,1
410010,h246,1
410010,h413,1
410010,h244,1
410010,h210,1
410010,h227,1
410010,h368,1
410010,h373,1
410010,h306,1
410010,h476,1
410010,h266,1
410010,h378,1
410010,h123,1
410010,h292,1
410010,h442,1
410010,h233,1
410010,h328,1
410010,h243,1
410010,h303,1
410010,h374,1
410010,h113,1
410010,h186,1
410010,h267,1
410010,h29,1
410010,h370,1
410010,h480,1
410010,h330,1
410010,h168,1
410010,h22,1
410010,h331,1
410010,h412,1
410010,h332,1
410010,h25,1
410010,h391,1
410097,h206,1
410097,h163,1
410097,h290,1
410097,h212,1
410097,h116,1
410097,h475,1
410097,h231,1
410097,h52,1
410097,h438,1
410097,h299,1
410097,h112,1
410097,h241,1
410097,h126,1
410097,h343,1
410097,h441,1
410097,h486,1
410097,h110,1
410097,h94,1
410097,h470,1
410097,h489,1
410097,h213,1
410097,h469,1
410097,h82,1
410097,h234,1
410097,h415,1
410097,h291,1
410097,h79,1
410097,h23,1
410097,h286,1
410097,h261,1
410097,h481,1
410097,h20,1
410097,h478,1
410097,h115,1
410097,h26,1
410097,h406,1
410097,h418,1
410097,h97,1
410097,h245,1
410097,h268,1
410097,h288,1
410097,h342,1
410097,h187,1
410097,h301,1
410097,h49,1
410097,h117,1
410097,h334,1
410097,h390,1
410097,h211,1
410097,h287,1
410097,h407,1
410097,h409,1
410097,h236,1
410097,h80,1
410097,h246,1
410097,h124,1
410097,h413,1
410097,h244,1
410097,h210,1
410097,h125,1
410097,h227,1
410097,h306,1
410097,h476,1
410097,h266,1
410097,h378,1
410097,h292,1
410097,h233,1
410097,h392,1
410097,h24,1
410097,h328,1
410097,h243,1
410097,h303,1
410097,h113,1
410097,h186,1
410097,h267,1
410097,h29,1
410097,h480,1
410097,h330,1
410097,h248,1
410097,h168,1
410097,h22,1
410097,h331,1
410097,h332,1
410097,h25,1
300091,h206,1
300091,h81,1
300091,h300,1
300091,h163,1
300091,h443,1
300091,h290,1
300091,h212,1
300091,h116,1
300091,h475,1
300091,h438,1
300091,h114,1
300091,h299,1
300091,h112,1
300091,h126,1
300091,h111,1
300091,h486,1
300091,h110,1
300091,h94,1
300091,h184,1
300091,h235,1
300091,h213,1
300091,h270,1
300091,h162,1
300091,h250,1
300091,h469,1
300091,h242,1
300091,h415,1
300091,h121,1
300091,h28,1
300091,h286,1
300091,h261,1
300091,h265,1
300091,h481,1
300091,h20,1
300091,h478,1
300091,h115,1
300091,h256,1
300091,h406,1
300091,h416,1
300091,h97,1
300091,h369,1
300091,h302,1
300091,h245,1
300091,h288,1
300091,h379,1
300091,h247,1
300091,h164,1
300091,h342,1
300091,h83,1
300091,h187,1
300091,h301,1
300091,h117,1
300091,h109,1
300091,h389,1
300091,h390,1
300091,h211,1
300091,h287,1
300091,h407,1
300091,h386,1
300091,h236,1
300091,h246,1
300091,h124,1
300091,h413,1
300091,h244,1
300091,h50,1
300091,h78,1
300091,h125,1
300091,h393,1
300091,h387,1
300091,h227,1
300091,h368,1
300091,h306,1
300091,h476,1
300091,h266,1
300091,h396,1
300091,h285,1
300091,h123,1
300091,h292,1
300091,h442,1
300091,h24,1
300091,h328,1
300091,h289,1
300091,h243,1
300091,h254,1
300091,h377,1
300091,h374,1
300091,h113,1
300091,h77,1
300091,h370,1
300091,h480,1
300091,h304,1
300091,h22,1
300091,h252,1
300091,h331,1
300091,h412,1
300091,h25,1
300091,h471,1
300091,h228,1
410142,h206,1
410142,h163,1
410142,h443,1
410142,h290,1
410142,h212,1
410142,h116,1
410142,h475,1
410142,h231,1
410142,h52,1
410142,h438,1
410142,h114,1
410142,h299,1
410142,h112,1
410142,h241,1
410142,h126,1
410142,h111,1
410142,h486,1
410142,h110,1
410142,h94,1
410142,h489,1
410142,h82,1
410142,h234,1
410142,h291,1
410142,h79,1
410142,h23,1
410142,h261,1
410142,h481,1
410142,h20,1
410142,h478,1
410142,h115,1
410142,h26,1
410142,h406,1
410142,h416,1
410142,h418,1
410142,h97,1
410142,h369,1
410142,h245,1
410142,h268,1
410142,h288,1
410142,h247,1
410142,h341,1
410142,h205,1
410142,h301,1
410142,h49,1
410142,h117,1
410142,h334,1
410142,h390,1
410142,h211,1
410142,h287,1
410142,h407,1
410142,h417,1
410142,h80,1
410142,h246,1
410142,h124,1
410142,h413,1
410142,h244,1
410142,h210,1
410142,h125,1
410142,h227,1
410142,h368,1
410142,h373,1
410142,h306,1
410142,h476,1
410142,h266,1
410142,h378,1
410142,h285,1
410142,h123,1
410142,h292,1
410142,h233,1
410142,h392,1
410142,h24,1
410142,h328,1
410142,h243,1
410142,h303,1
410142,h374,1
410142,h113,1
410142,h186,1
410142,h267,1
410142,h29,1
410142,h370,1
410142,h480,1
410142,h330,1
410142,h168,1
410142,h252,1
410142,h331,1
410142,h25,1
410142,h228,1
400610,h206,1
400610,h163,1
400610,h443,1
400610,h290,1
400610,h212,1
400610,h116,1
400610,h475,1
400610,h231,1
400610,h52,1
400610,h438,1
400610,h114,1
400610,h299,1
400610,h112,1
400610,h241,1
400610,h126,1
400610,h441,1
400610,h486,1
400610,h110,1
400610,h94,1
400610,h470,1
400610,h489,1
400610,h82,1
400610,h242,1
400610,h234,1
400610,h415,1
400610,h291,1
400610,h79,1
400610,h286,1
400610,h261,1
400610,h481,1
400610,h20,1
400610,h478,1
400610,h115,1
400610,h26,1
400610,h406,1
400610,h418,1
400610,h97,1
400610,h369,1
400610,h268,1
400610,h288,1
400610,h342,1
400610,h301,1
400610,h49,1
400610,h117,1
400610,h334,1
400610,h389,1
400610,h211,1
400610,h287,1
400610,h407,1
400610,h236,1
400610,h80,1
400610,h246,1
400610,h124,1
400610,h413,1
400610,h244,1
400610,h210,1
400610,h125,1
400610,h393,1
400610,h227,1
400610,h368,1
400610,h306,1
400610,h476,1
400610,h266,1
400610,h378,1
400610,h123,1
400610,h292,1
400610,h442,1
400610,h233,1
400610,h328,1
400610,h303,1
400610,h374,1
400610,h113,1
400610,h186,1
400610,h267,1
400610,h29,1
400610,h370,1
400610,h480,1
400610,h330,1
400610,h168,1
400610,h22,1
400610,h252,1
400610,h331,1
400610,h412,1
400610,h332,1
400610,h25,1
400610,h391,1
400504,h206,1
400504,h163,1
400504,h290,1
400504,h212,1
400504,h116,1
400504,h231,1
400504,h52,1
400504,h438,1
400504,h299,1
400504,h241,1
400504,h126,1
400504,h441,1
400504,h486,1
400504,h94,1
400504,h470,1
400504,h489,1
400504,h82,1
400504,h242,1
400504,h234,1
400504,h415,1
400504,h291,1
400504,h79,1
400504,h261,1
400504,h20,1
400504,h478,1
400504,h115,1
400504,h26,1
400504,h406,1
400504,h418,1
400504,h97,1
400504,h369,1
400504,h245,1
400504,h268,1
400504,h247,1
400504,h342,1
400504,h301,1
400504,h334,1
400504,h211,1
400504,h236,1
400504,h80,1
400504,h246,1
400504,h124,1
400504,h413,1
400504,h244,1
400504,h210,1
400504,h393,1
400504,h227,1
400504,h368,1
400504,h373,1
400504,h476,1
400504,h266,1
400504,h378,1
400504,h123,1
400504,h292,1
400504,h233,1
400504,h328,1
400504,h243,1
400504,h303,1
400504,h374,1
400504,h113,1
400504,h186,1
400504,h267,1
400504,h29,1
400504,h370,1
400504,h480,1
400504,h330,1
400504,h168,1
400504,h22,1
400504,h331,1
400504,h412,1
400504,h332,1
400504,h25,1
400504,h391,1
410529,h206,1
410529,h163,1
410529,h443,1
410529,h212,1
410529,h116,1
410529,h475,1
410529,h231,1
410529,h52,1
410529,h438,1
410529,h114,1
410529,h299,1
410529,h112,1
410529,h241,1
410529,h126,1
410529,h486,1
410529,h110,1
410529,h94,1
410529,h235,1
410529,h470,1
410529,h489,1
410529,h82,1
410529,h242,1
410529,h234,1
410529,h415,1
410529,h79,1
410529,h23,1
410529,h286,1
410529,h261,1
410529,h20,1
410529,h478,1
410529,h115,1
410529,h26,1
410529,h418,1
410529,h97,1
410529,h369,1
410529,h245,1
410529,h268,1
410529,h288,1
410529,h342,1
410529,h301,1
410529,h49,1
410529,h117,1
410529,h334,1
410529,h490,1
410529,h390,1
410529,h211,1
410529,h287,1
410529,h407,1
410529,h80,1
410529,h246,1
410529,h124,1
410529,h413,1
410529,h244,1
410529,h210,1
410529,h125,1
410529,h227,1
410529,h368,1
410529,h373,1
410529,h476,1
410529,h266,1
410529,h378,1
410529,h285,1
410529,h123,1
410529,h292,1
410529,h233,1
410529,h24,1
410529,h328,1
410529,h243,1
410529,h303,1
410529,h374,1
410529,h113,1
410529,h186,1
410529,h267,1
410529,h29,1
410529,h370,1
410529,h480,1
410529,h330,1
410529,h168,1
410529,h22,1
410529,h252,1
410529,h331,1
410529,h412,1
410529,h332,1
410529,h25,1
410529,h391,1
410529,h228,1
410641,h206,1
410641,h81,1
410641,h163,1
410641,h443,1
410641,h212,1
410641,h116,1
410641,h231,1
410641,h438,1
410641,h114,1
410641,h299,1
410641,h112,1
410641,h126,1
410641,h111,1
410641,h486,1
410641,h408,1
410641,h110,1
410641,h94,1
410641,h75,1
410641,h234,1
410641,h185,1
410641,h415,1
410641,h121,1
410641,h28,1
410641,h286,1
410641,h481,1
410641,h20,1
410641,h478,1
410641,h115,1
410641,h26,1
410641,h256,1
410641,h418,1
410641,h97,1
410641,h302,1
410641,h245,1
410641,h268,1
410641,h288,1
410641,h247,1
410641,h83,1
410641,h187,1
410641,h117,1
410641,h334,1
410641,h390,1
410641,h211,1
410641,h287,1
410641,h407,1
410641,h409,1
410641,h411,1
410641,h386,1
410641,h236,1
410641,h246,1
410641,h124,1
410641,h244,1
410641,h50,1
410641,h78,1
410641,h125,1
410641,h227,1
410641,h306,1
410641,h476,1
410641,h266,1
410641,h378,1
410641,h285,1
410641,h292,1
410641,h233,1
410641,h392,1
410641,h24,1
410641,h328,1
410641,h243,1
410641,h113,1
410641,h77,1
410641,h267,1
410641,h480,1
410641,h304,1
410641,h330,1
410641,h248,1
410641,h168,1
410641,h22,1
410641,h25,1
410641,h181,1
410641,h471,1
411585,h206,1
411585,h300,1
411585,h163,1
411585,h443,1
411585,h290,1
411585,h212,1
411585,h116,1
411585,h475,1
411585,h231,1
411585,h52,1
411585,h438,1
411585,h114,1
411585,h299,1
411585,h112,1
411585,h241,1
411585,h126,1
411585,h441,1
411585,h111,1
411585,h486,1
411585,h110,1
411585,h94,1
411585,h489,1
411585,h234,1
411585,h415,1
411585,h291,1
411585,h79,1
411585,h23,1
411585,h286,1
411585,h261,1
411585,h481,1
411585,h20,1
411585,h478,1
411585,h115,1
411585,h26,1
411585,h406,1
411585,h418,1
411585,h97,1
411585,h369,1
411585,h245,1
411585,h268,1
411585,h288,1
411585,h247,1
411585,h342,1
411585,h83,1
411585,h187,1
411585,h301,1
411585,h49,1
411585,h117,1
411585,h389,1
411585,h390,1
411585,h211,1
411585,h287,1
411585,h407,1
411585,h236,1
411585,h80,1
411585,h246,1
411585,h124,1
411585,h413,1
411585,h244,1
411585,h210,1
411585,h125,1
411585,h227,1
411585,h368,1
411585,h373,1
411585,h306,1
411585,h476,1
411585,h266,1
411585,h396,1
411585,h378,1
411585,h285,1
411585,h123,1
411585,h292,1
411585,h233,1
411585,h392,1
411585,h24,1
411585,h328,1
411585,h289,1
411585,h243,1
411585,h303,1
411585,h113,1
411585,h267,1
411585,h29,1
411585,h370,1
411585,h480,1
411585,h330,1
411585,h168,1
411585,h22,1
411585,h252,1
411585,h331,1
411585,h412,1
411585,h332,1
411585,h25,1
411585,h471,1
411585,h391,1
412007,h206,1
412007,h163,1
412007,h290,1
412007,h212,1
412007,h116,1
412007,h475,1
412007,h231,1
412007,h52,1
412007,h438,1
412007,h114,1
412007,h299,1
412007,h112,1
412007,h441,1
412007,h111,1
412007,h486,1
412007,h110,1
412007,h94,1
412007,h270,1
412007,h162,1
412007,h250,1
412007,h469,1
412007,h242,1
412007,h234,1
412007,h415,1
412007,h79,1
412007,h121,1
412007,h23,1
412007,h261,1
412007,h20,1
412007,h478,1
412007,h115,1
412007,h26,1
412007,h418,1
412007,h97,1
412007,h302,1
412007,h245,1
412007,h268,1
412007,h288,1
412007,h247,1
412007,h342,1
412007,h83,1
412007,h187,1
412007,h477,1
412007,h117,1
412007,h109,1
412007,h389,1
412007,h390,1
412007,h211,1
412007,h287,1
412007,h407,1
412007,h236,1
412007,h80,1
412007,h246,1
412007,h413,1
412007,h244,1
412007,h125,1
412007,h227,1
412007,h306,1
412007,h476,1
412007,h266,1
412007,h396,1
412007,h123,1
412007,h292,1
412007,h233,1
412007,h24,1
412007,h328,1
412007,h289,1
412007,h243,1
412007,h113,1
412007,h55,1
412007,h186,1
412007,h267,1
412007,h29,1
412007,h480,1
412007,h304,1
412007,h330,1
412007,h22,1
412007,h252,1
412007,h331,1
412007,h412,1
412007,h332,1
412007,h25,1
412007,h471,1
401874,h206,1
401874,h163,1
401874,h290,1
401874,h212,1
401874,h116,1
401874,h231,1
401874,h52,1
401874,h438,1
401874,h299,1
401874,h441,1
401874,h486,1
401874,h408,1
401874,h110,1
401874,h94,1
401874,h489,1
401874,h469,1
401874,h75,1
401874,h234,1
401874,h185,1
401874,h415,1
401874,h291,1
401874,h79,1
401874,h286,1
401874,h20,1
401874,h478,1
401874,h115,1
401874,h26,1
401874,h406,1
401874,h97,1
401874,h369,1
401874,h245,1
401874,h268,1
401874,h288,1
401874,h83,1
401874,h187,1
401874,h301,1
401874,h49,1
401874,h117,1
401874,h390,1
401874,h211,1
401874,h287,1
401874,h407,1
401874,h411,1
401874,h386,1
401874,h80,1
401874,h246,1
401874,h244,1
401874,h210,1
401874,h227,1
401874,h368,1
401874,h373,1
401874,h306,1
401874,h476,1
401874,h266,1
401874,h378,1
401874,h123,1
401874,h292,1
401874,h233,1
401874,h24,1
401874,h328,1
401874,h303,1
401874,h374,1
401874,h113,1
401874,h55,1
401874,h267,1
401874,h370,1
401874,h480,1
401874,h330,1
401874,h22,1
401874,h331,1
401874,h25,1
401874,h181,1
401874,h471,1
403864,h206,1
403864,h163,1
403864,h443,1
403864,h290,1
403864,h212,1
403864,h116,1
403864,h475,1
403864,h231,1
403864,h52,1
403864,h438,1
403864,h299,1
403864,h241,1
403864,h126,1
403864,h486,1
403864,h110,1
403864,h94,1
403864,h470,1
403864,h489,1
403864,h82,1
403864,h234,1
403864,h415,1
403864,h291,1
403864,h79,1
403864,h23,1
403864,h286,1
403864,h261,1
403864,h481,1
403864,h20,1
403864,h478,1
403864,h115,1
403864,h26,1
403864,h406,1
403864,h418,1
403864,h97,1
403864,h245,1
403864,h268,1
403864,h288,1
403864,h164,1
403864,h342,1
403864,h301,1
403864,h49,1
403864,h117,1
403864,h109,1
403864,h334,1
403864,h390,1
403864,h211,1
403864,h287,1
403864,h407,1
403864,h236,1
403864,h80,1
403864,h246,1
403864,h124,1
403864,h413,1
403864,h244,1
403864,h210,1
403864,h125,1
403864,h387,1
403864,h227,1
403864,h373,1
403864,h306,1
403864,h476,1
403864,h266,1
403864,h378,1
403864,h285,1
403864,h123,1
403864,h292,1
403864,h233,1
403864,h392,1
403864,h328,1
403864,h289,1
403864,h243,1
403864,h303,1
403864,h374,1
403864,h113,1
403864,h186,1
403864,h267,1
403864,h29,1
403864,h480,1
403864,h330,1
403864,h168,1
403864,h22,1
403864,h252,1
403864,h331,1
403864,h412,1
403864,h25,1
403864,h391,1
403864,h228,1
410147,h206,1
410147,h163,1
410147,h443,1
410147,h290,1
410147,h212,1
410147,h116,1
410147,h475,1
410147,h231,1
410147,h52,1
410147,h299,1
410147,h112,1
410147,h126,1
410147,h486,1
410147,h110,1
410147,h94,1
410147,h470,1
410147,h489,1
410147,h82,1
410147,h234,1
410147,h415,1
410147,h291,1
410147,h79,1
410147,h286,1
410147,h261,1
410147,h20,1
410147,h478,1
410147,h115,1
410147,h26,1
410147,h418,1
410147,h97,1
410147,h369,1
410147,h245,1
410147,h268,1
410147,h288,1
410147,h342,1
410147,h301,1
410147,h49,1
410147,h117,1
410147,h334,1
410147,h390,1
410147,h211,1
410147,h287,1
410147,h407,1
410147,h417,1
410147,h386,1
410147,h236,1
410147,h80,1
410147,h246,1
410147,h124,1
410147,h413,1
410147,h244,1
410147,h210,1
410147,h125,1
410147,h393,1
410147,h227,1
410147,h368,1
410147,h373,1
410147,h476,1
410147,h266,1
410147,h378,1
410147,h123,1
410147,h292,1
410147,h442,1
410147,h233,1
410147,h328,1
410147,h243,1
410147,h303,1
410147,h374,1
410147,h113,1
410147,h186,1
410147,h267,1
410147,h29,1
410147,h370,1
410147,h480,1
410147,h330,1
410147,h168,1
410147,h22,1
410147,h252,1
410147,h331,1
410147,h412,1
410147,h332,1
410147,h25,1
410147,h391,1
411247,h206,1
411247,h163,1
411247,h443,1
411247,h212,1
411247,h116,1
411247,h231,1
411247,h52,1
411247,h299,1
411247,h112,1
411247,h441,1
411247,h486,1
411247,h110,1
411247,h94,1
411247,h489,1
411247,h82,1
411247,h234,1
411247,h415,1
411247,h291,1
411247,h79,1
411247,h23,1
411247,h261,1
411247,h20,1
411247,h478,1
411247,h115,1
411247,h26,1
411247,h418,1
411247,h97,1
411247,h369,1
411247,h245,1
411247,h268,1
411247,h288,1
411247,h247,1
411247,h187,1
411247,h301,1
411247,h49,1
411247,h117,1
411247,h334,1
411247,h390,1
411247,h211,1
411247,h287,1
411247,h407,1
411247,h80,1
411247,h246,1
411247,h413,1
411247,h244,1
411247,h210,1
411247,h227,1
411247,h368,1
411247,h373,1
411247,h476,1
411247,h266,1
411247,h378,1
411247,h123,1
411247,h292,1
411247,h442,1
411247,h233,1
411247,h392,1
411247,h328,1
411247,h289,1
411247,h243,1
411247,h303,1
411247,h374,1
411247,h113,1
411247,h267,1
411247,h29,1
411247,h370,1
411247,h480,1
411247,h330,1
411247,h168,1
411247,h22,1
411247,h252,1
411247,h331,1
411247,h332,1
411247,h25,1
411247,h471,1
400055,h206,1
400055,h163,1
400055,h443,1
400055,h290,1
400055,h212,1
400055,h116,1
400055,h231,1
400055,h52,1
400055,h438,1
400055,h299,1
400055,h126,1
400055,h486,1
400055,h110,1
400055,h94,1
400055,h470,1
400055,h489,1
400055,h82,1
400055,h234,1
400055,h291,1
400055,h79,1
400055,h23,1
400055,h261,1
400055,h478,1
400055,h115,1
400055,h26,1
400055,h416,1
400055,h418,1
400055,h97,1
400055,h369,1
400055,h245,1
400055,h268,1
400055,h288,1
400055,h342,1
400055,h301,1
400055,h49,1
400055,h117,1
400055,h334,1
400055,h390,1
400055,h211,1
400055,h287,1
400055,h417,1
400055,h236,1
400055,h80,1
400055,h246,1
400055,h124,1
400055,h413,1
400055,h244,1
400055,h210,1
400055,h125,1
400055,h393,1
400055,h368,1
400055,h373,1
400055,h306,1
400055,h476,1
400055,h266,1
400055,h378,1
400055,h285,1
400055,h123,1
400055,h292,1
400055,h442,1
400055,h233,1
400055,h24,1
400055,h328,1
400055,h289,1
400055,h303,1
400055,h374,1
400055,h113,1
400055,h186,1
400055,h267,1
400055,h29,1
400055,h370,1
400055,h480,1
400055,h330,1
400055,h168,1
400055,h22,1
400055,h252,1
400055,h331,1
400055,h412,1
400055,h332,1
400055,h25,1
400055,h391,1
404705,h206,1
404705,h163,1
404705,h443,1
404705,h290,1
404705,h212,1
404705,h116,1
404705,h475,1
404705,h231,1
404705,h52,1
404705,h114,1
404705,h299,1
404705,h126,1
404705,h343,1
404705,h441,1
404705,h486,1
404705,h110,1
404705,h94,1
404705,h235,1
404705,h489,1
404705,h488,1
404705,h469,1
404705,h82,1
404705,h242,1
404705,h234,1
404705,h415,1
404705,h291,1
404705,h79,1
404705,h121,1
404705,h23,1
404705,h261,1
404705,h481,1
404705,h20,1
404705,h478,1
404705,h115,1
404705,h26,1
404705,h418,1
404705,h97,1
404705,h369,1
404705,h302,1
404705,h245,1
404705,h268,1
404705,h288,1
404705,h379,1
404705,h341,1
404705,h395,1
404705,h187,1
404705,h301,1
404705,h477,1
404705,h49,1
404705,h117,1
404705,h334,1
404705,h389,1
404705,h390,1
404705,h211,1
404705,h287,1
404705,h407,1
404705,h409,1
404705,h386,1
404705,h236,1
404705,h80,1
404705,h246,1
404705,h124,1
404705,h413,1
404705,h244,1
404705,h210,1
404705,h125,1
404705,h227,1
404705,h368,1
404705,h373,1
404705,h306,1
404705,h476,1
404705,h266,1
404705,h378,1
404705,h285,1
404705,h292,1
404705,h442,1
404705,h233,1
404705,h392,1
404705,h24,1
404705,h328,1
404705,h289,1
404705,h374,1
404705,h113,1
404705,h267,1
404705,h29,1
404705,h370,1
404705,h480,1
404705,h304,1
404705,h330,1
404705,h248,1
404705,h168,1
404705,h22,1
404705,h252,1
404705,h331,1
404705,h412,1
404705,h25,1
404705,h471,1
404705,h228,1
407967,h206,1
407967,h163,1
407967,h443,1
407967,h290,1
407967,h212,1
407967,h116,1
407967,h475,1
407967,h231,1
407967,h440,1
407967,h52,1
407967,h438,1
407967,h114,1
407967,h299,1
407967,h112,1
407967,h241,1
407967,h126,1
407967,h111,1
407967,h486,1
407967,h110,1
407967,h94,1
407967,h470,1
407967,h213,1
407967,h469,1
407967,h234,1
407967,h415,1
407967,h79,1
407967,h23,1
407967,h286,1
407967,h261,1
407967,h481,1
407967,h20,1
407967,h478,1
407967,h115,1
407967,h26,1
407967,h406,1
407967,h418,1
407967,h97,1
407967,h245,1
407967,h268,1
407967,h288,1
407967,h379,1
407967,h247,1
407967,h164,1
407967,h342,1
407967,h83,1
407967,h49,1
407967,h117,1
407967,h109,1
407967,h389,1
407967,h211,1
407967,h287,1
407967,h407,1
407967,h386,1
407967,h236,1
407967,h80,1
407967,h246,1
407967,h124,1
407967,h413,1
407967,h244,1
407967,h210,1
407967,h125,1
407967,h387,1
407967,h227,1
407967,h373,1
407967,h306,1
407967,h476,1
407967,h266,1
407967,h396,1
407967,h378,1
407967,h123,1
407967,h292,1
407967,h233,1
407967,h24,1
407967,h328,1
407967,h289,1
407967,h243,1
407967,h113,1
407967,h77,1
407967,h186,1
407967,h267,1
407967,h29,1
407967,h480,1
407967,h304,1
407967,h330,1
407967,h22,1
407967,h252,1
407967,h331,1
407967,h412,1
407967,h332,1
407967,h25,1
407967,h391,1
407967,h228,1
