300005,s206,1
300005,s211,1
300005,s59,1
300005,s238,1
300005,s153,1
300005,s317,1
300005,s67,1
300005,s182,1
300005,s314,1
300005,s313,1
300005,s191,1
300005,s51,1
300005,s260,1
300005,s264,1
300005,s295,1
300005,s167,1
300005,s205,1
300005,s218,1
300005,s219,1
300005,s111,1
300005,s78,1
300005,s130,1
300005,s289,1
300005,s93,1
300005,s134,1
300005,s284,1
300005,s173,1
300005,s91,1
300005,s250,1
300005,s239,1
300005,s71,1
300005,s161,1
300005,s267,1
300005,s121,1
300005,s217,1
300005,s330,1
300005,s246,1
300005,s135,1
300005,s196,1
300005,s39,1
300005,s85,1
300005,s298,1
300005,s327,1
300005,s263,1
300005,s172,1
300005,s89,1
300005,s69,1
300005,s52,1
300005,s57,1
300005,s37,1
300005,s308,1
300005,s21,1
300005,s325,1
300005,s151,1
300005,s128,1
300005,s159,1
300005,s14,1
300005,s13,1
300005,s285,1
300005,s190,1
300005,s16,1
300005,s268,1
300005,s58,1
300005,s12,1
300005,s304,1
300005,s122,1
300005,s247,1
300005,s155,1
300005,s259,1
300005,s17,1
300005,s150,1
300005,s210,1
300005,s213,1
300005,s302,1
300005,s212,1
300005,s97,1
300005,s273,1
300005,s152,1
300005,s35,1
402004,s206,1
402004,s211,1
402004,s59,1
402004,s238,1
402004,s153,1
402004,s317,1
402004,s67,1
402004,s182,1
402004,s314,1
402004,s313,1
402004,s191,1
402004,s51,1
402004,s307,1
402004,s264,1
402004,s295,1
402004,s68,1
402004,s299,1
402004,s167,1
402004,s127,1
402004,s205,1
402004,s218,1
402004,s41,1
402004,s219,1
402004,s78,1
402004,s130,1
402004,s289,1
402004,s93,1
402004,s134,1
402004,s284,1
402004,s173,1
402004,s91,1
402004,s250,1
402004,s239,1
402004,s161,1
402004,s267,1
402004,s121,1
402004,s217,1
402004,s330,1
402004,s175,1
402004,s300,1
402004,s246,1
402004,s135,1
402004,s196,1
402004,s39,1
402004,s85,1
402004,s298,1
402004,s305,1
402004,s327,1
402004,s303,1
402004,s263,1
402004,s172,1
402004,s89,1
402004,s215,1
402004,s52,1
402004,s57,1
402004,s37,1
402004,s301,1
402004,s99,1
402004,s21,1
402004,s325,1
402004,s151,1
402004,s128,1
402004,s159,1
402004,s14,1
402004,s13,1
402004,s285,1
402004,s98,1
402004,s190,1
402004,s16,1
402004,s268,1
402004,s58,1
402004,s12,1
402004,s304,1
402004,s122,1
402004,s247,1
402004,s155,1
402004,s63,1
402004,s169,1
402004,s259,1
402004,s17,1
402004,s306,1
402004,s150,1
402004,s210,1
402004,s213,1
402004,s302,1
402004,s328,1
402004,s273,1
402004,s152,1
402004,s319,1
402004,s310,1
402004,s35,1
300016,s206,1
300016,s211,1
300016,s59,1
300016,s238,1
300016,s153,1
300016,s317,1
300016,s67,1
300016,s182,1
300016,s314,1
300016,s313,1
300016,s191,1
300016,s260,1
300016,s307,1
300016,s264,1
300016,s295,1
300016,s20,1
300016,s137,1
300016,s299,1
300016,s119,1
300016,s167,1
300016,s311,1
300016,s127,1
300016,s205,1
300016,s218,1
300016,s19,1
300016,s112,1
300016,s33,1
300016,s111,1
300016,s78,1
300016,s130,1
300016,s289,1
300016,s93,1
300016,s134,1
300016,s261,1
300016,s91,1
300016,s250,1
300016,s239,1
300016,s161,1
300016,s267,1
300016,s121,1
300016,s217,1
300016,s330,1
300016,s270,1
300016,s300,1
300016,s246,1
300016,s135,1
300016,s196,1
300016,s39,1
300016,s298,1
300016,s305,1
300016,s303,1
300016,s263,1
300016,s172,1
300016,s154,1
300016,s215,1
300016,s69,1
300016,s52,1
300016,s37,1
300016,s308,1
300016,s301,1
300016,s21,1
300016,s325,1
300016,s151,1
300016,s128,1
300016,s159,1
300016,s14,1
300016,s13,1
300016,s190,1
300016,s16,1
300016,s268,1
300016,s58,1
300016,s12,1
300016,s304,1
300016,s122,1
300016,s247,1
300016,s155,1
300016,s63,1
300016,s169,1
300016,s259,1
300016,s17,1
300016,s150,1
300016,s210,1
300016,s302,1
300016,s97,1
300016,s273,1
300016,s152,1
300016,s45,1
300016,s310,1
300016,s35,1
404219,s206,1
404219,s211,1
404219,s59,1
404219,s238,1
404219,s153,1
404219,s317,1
404219,s67,1
404219,s182,1
404219,s314,1
404219,s313,1
404219,s191,1
404219,s260,1
404219,s264,1
404219,s295,1
404219,s137,1
404219,s299,1
404219,s176,1
404219,s119,1
404219,s167,1
404219,s311,1
404219,s205,1
404219,s75,1
404219,s218,1
404219,s41,1
404219,s112,1
404219,s219,1
404219,s78,1
404219,s130,1
404219,s289,1
404219,s93,1
404219,s134,1
404219,s284,1
404219,s173,1
404219,s91,1
404219,s250,1
404219,s239,1
404219,s161,1
404219,s267,1
404219,s217,1
404219,s330,1
404219,s270,1
404219,s300,1
404219,s135,1
404219,s196,1
404219,s39,1
404219,s85,1
404219,s298,1
404219,s305,1
404219,s327,1
404219,s303,1
404219,s281,1
404219,s263,1
404219,s215,1
404219,s52,1
404219,s37,1
404219,s367,1
404219,s308,1
404219,s301,1
404219,s21,1
404219,s325,1
404219,s151,1
404219,s128,1
404219,s159,1
404219,s14,1
404219,s13,1
404219,s285,1
404219,s190,1
404219,s16,1
404219,s268,1
404219,s58,1
404219,s12,1
404219,s304,1
404219,s122,1
404219,s247,1
404219,s155,1
404219,s63,1
404219,s169,1
404219,s259,1
404219,s17,1
404219,s150,1
404219,s210,1
404219,s213,1
404219,s302,1
404219,s97,1
404219,s328,1
404219,s273,1
404219,s152,1
404219,s310,1
404219,s35,1
300048,s206,1
300048,s59,1
300048,s238,1
300048,s153,1
300048,s317,1
300048,s67,1
300048,s182,1
300048,s314,1
300048,s313,1
300048,s191,1
300048,s307,1
300048,s264,1
300048,s295,1
300048,s174,1
300048,s137,1
300048,s68,1
300048,s176,1
300048,s119,1
300048,s167,1
300048,s311,1
300048,s205,1
300048,s31,1
300048,s75,1
300048,s218,1
300048,s41,1
300048,s112,1
300048,s219,1
300048,s33,1
300048,s157,1
300048,s78,1
300048,s289,1
300048,s93,1
300048,s134,1
300048,s284,1
300048,s173,1
300048,s250,1
300048,s239,1
300048,s71,1
300048,s288,1
300048,s267,1
300048,s217,1
300048,s330,1
300048,s62,1
300048,s246,1
300048,s280,1
300048,s135,1
300048,s196,1
300048,s39,1
300048,s298,1
300048,s327,1
300048,s312,1
300048,s281,1
300048,s72,1
300048,s215,1
300048,s69,1
300048,s57,1
300048,s37,1
300048,s309,1
300048,s367,1
300048,s301,1
300048,s131,1
300048,s21,1
300048,s325,1
300048,s40,1
300048,s151,1
300048,s128,1
300048,s159,1
300048,s14,1
300048,s13,1
300048,s81,1
300048,s285,1
300048,s98,1
300048,s190,1
300048,s16,1
300048,s64,1
300048,s268,1
300048,s12,1
300048,s304,1
300048,s122,1
300048,s247,1
300048,s155,1
300048,s63,1
300048,s17,1
300048,s306,1
300048,s150,1
300048,s213,1
300048,s73,1
300048,s74,1
300048,s156,1
300048,s328,1
300048,s273,1
300048,s152,1
300048,s310,1
300048,s158,1
300048,s35,1
300048,s34,1
405161,s206,1
405161,s211,1
405161,s59,1
405161,s238,1
405161,s153,1
405161,s317,1
405161,s67,1
405161,s182,1
405161,s314,1
405161,s51,1
405161,s260,1
405161,s307,1
405161,s264,1
405161,s295,1
405161,s137,1
405161,s176,1
405161,s167,1
405161,s127,1
405161,s205,1
405161,s219,1
405161,s111,1
405161,s78,1
405161,s130,1
405161,s289,1
405161,s93,1
405161,s134,1
405161,s173,1
405161,s91,1
405161,s250,1
405161,s239,1
405161,s71,1
405161,s161,1
405161,s267,1
405161,s121,1
405161,s217,1
405161,s330,1
405161,s270,1
405161,s246,1
405161,s135,1
405161,s196,1
405161,s39,1
405161,s85,1
405161,s298,1
405161,s327,1
405161,s263,1
405161,s172,1
405161,s154,1
405161,s89,1
405161,s215,1
405161,s52,1
405161,s37,1
405161,s99,1
405161,s21,1
405161,s325,1
405161,s151,1
405161,s128,1
405161,s159,1
405161,s14,1
405161,s13,1
405161,s190,1
405161,s16,1
405161,s268,1
405161,s58,1
405161,s12,1
405161,s304,1
405161,s247,1
405161,s155,1
405161,s63,1
405161,s259,1
405161,s17,1
405161,s150,1
405161,s210,1
405161,s302,1
405161,s97,1
405161,s273,1
405161,s152,1
405161,s45,1
405161,s35,1
300064,s206,1
300064,s211,1
300064,s238,1
300064,s67,1
300064,s182,1
300064,s314,1
300064,s313,1
300064,s260,1
300064,s307,1
300064,s264,1
300064,s295,1
300064,s137,1
300064,s299,1
300064,s176,1
300064,s167,1
300064,s127,1
300064,s205,1
300064,s75,1
300064,s218,1
300064,s111,1
300064,s78,1
300064,s130,1
300064,s289,1
300064,s93,1
300064,s134,1
300064,s284,1
300064,s261,1
300064,s173,1
300064,s91,1
300064,s250,1
300064,s239,1
300064,s71,1
300064,s161,1
300064,s267,1
300064,s320,1
300064,s121,1
300064,s217,1
300064,s330,1
300064,s175,1
300064,s266,1
300064,s300,1
300064,s246,1
300064,s135,1
300064,s196,1
300064,s39,1
300064,s85,1
300064,s298,1
300064,s305,1
300064,s138,1
300064,s303,1
300064,s263,1
300064,s172,1
300064,s154,1
300064,s89,1
300064,s215,1
300064,s52,1
300064,s37,1
300064,s301,1
300064,s21,1
300064,s325,1
300064,s151,1
300064,s128,1
300064,s159,1
300064,s14,1
300064,s13,1
300064,s190,1
300064,s16,1
300064,s268,1
300064,s58,1
300064,s12,1
300064,s304,1
300064,s122,1
300064,s247,1
300064,s155,1
300064,s63,1
300064,s169,1
300064,s259,1
300064,s17,1
300064,s150,1
300064,s210,1
300064,s302,1
300064,s326,1
300064,s97,1
300064,s273,1
300064,s152,1
300064,s45,1
300064,s35,1
300065,s206,1
300065,s211,1
300065,s59,1
300065,s238,1
300065,s317,1
300065,s67,1
300065,s182,1
300065,s314,1
300065,s313,1
300065,s191,1
300065,s51,1
300065,s260,1
300065,s307,1
300065,s264,1
300065,s295,1
300065,s299,1
300065,s167,1
300065,s127,1
300065,s205,1
300065,s218,1
300065,s41,1
300065,s219,1
300065,s157,1
300065,s78,1
300065,s130,1
300065,s289,1
300065,s134,1
300065,s284,1
300065,s173,1
300065,s91,1
300065,s250,1
300065,s239,1
300065,s161,1
300065,s267,1
300065,s121,1
300065,s217,1
300065,s330,1
300065,s300,1
300065,s246,1
300065,s135,1
300065,s196,1
300065,s39,1
300065,s85,1
300065,s298,1
300065,s305,1
300065,s327,1
300065,s303,1
300065,s263,1
300065,s172,1
300065,s154,1
300065,s89,1
300065,s215,1
300065,s69,1
300065,s52,1
300065,s37,1
300065,s301,1
300065,s99,1
300065,s21,1
300065,s325,1
300065,s151,1
300065,s128,1
300065,s159,1
300065,s14,1
300065,s13,1
300065,s285,1
300065,s190,1
300065,s16,1
300065,s268,1
300065,s58,1
300065,s12,1
300065,s304,1
300065,s122,1
300065,s247,1
300065,s155,1
300065,s63,1
300065,s169,1
300065,s259,1
300065,s17,1
300065,s150,1
300065,s210,1
300065,s213,1
300065,s302,1
300065,s156,1
300065,s97,1
300065,s273,1
300065,s152,1
300065,s45,1
300065,s158,1
300065,s35,1
407622,s206,1
407622,s211,1
407622,s59,1
407622,s238,1
407622,s153,1
407622,s317,1
407622,s67,1
407622,s182,1
407622,s191,1
407622,s51,1
407622,s260,1
407622,s307,1
407622,s264,1
407622,s295,1
407622,s137,1
407622,s299,1
407622,s176,1
407622,s311,1
407622,s127,1
407622,s205,1
407622,s218,1
407622,s219,1
407622,s111,1
407622,s78,1
407622,s130,1
407622,s289,1
407622,s93,1
407622,s134,1
407622,s173,1
407622,s91,1
407622,s250,1
407622,s239,1
407622,s267,1
407622,s217,1
407622,s330,1
407622,s246,1
407622,s135,1
407622,s196,1
407622,s39,1
407622,s85,1
407622,s298,1
407622,s305,1
407622,s327,1
407622,s303,1
407622,s263,1
407622,s172,1
407622,s154,1
407622,s89,1
407622,s215,1
407622,s52,1
407622,s57,1
407622,s37,1
407622,s308,1
407622,s301,1
407622,s99,1
407622,s21,1
407622,s325,1
407622,s151,1
407622,s128,1
407622,s159,1
407622,s14,1
407622,s13,1
407622,s81,1
407622,s190,1
407622,s16,1
407622,s268,1
407622,s58,1
407622,s12,1
407622,s304,1
407622,s247,1
407622,s155,1
407622,s63,1
407622,s259,1
407622,s17,1
407622,s306,1
407622,s150,1
407622,s210,1
407622,s213,1
407622,s302,1
407622,s212,1
407622,s97,1
407622,s273,1
407622,s152,1
407622,s45,1
407622,s310,1
407622,s35,1
407663,s206,1
407663,s211,1
407663,s59,1
407663,s238,1
407663,s153,1
407663,s67,1
407663,s182,1
407663,s191,1
407663,s260,1
407663,s307,1
407663,s295,1
407663,s299,1
407663,s176,1
407663,s127,1
407663,s205,1
407663,s218,1
407663,s78,1
407663,s130,1
407663,s289,1
407663,s93,1
407663,s134,1
407663,s284,1
407663,s173,1
407663,s250,1
407663,s239,1
407663,s161,1
407663,s267,1
407663,s320,1
407663,s121,1
407663,s217,1
407663,s330,1
407663,s199,1
407663,s300,1
407663,s246,1
407663,s135,1
407663,s196,1
407663,s39,1
407663,s85,1
407663,s298,1
407663,s305,1
407663,s138,1
407663,s327,1
407663,s303,1
407663,s172,1
407663,s89,1
407663,s215,1
407663,s52,1
407663,s37,1
407663,s301,1
407663,s99,1
407663,s21,1
407663,s296,1
407663,s325,1
407663,s151,1
407663,s128,1
407663,s159,1
407663,s14,1
407663,s13,1
407663,s190,1
407663,s16,1
407663,s268,1
407663,s58,1
407663,s12,1
407663,s304,1
407663,s122,1
407663,s247,1
407663,s155,1
407663,s63,1
407663,s259,1
407663,s17,1
407663,s150,1
407663,s210,1
407663,s302,1
407663,s97,1
407663,s273,1
407663,s152,1
407663,s35,1
407786,s206,1
407786,s211,1
407786,s59,1
407786,s238,1
407786,s153,1
407786,s317,1
407786,s67,1
407786,s182,1
407786,s314,1
407786,s313,1
407786,s260,1
407786,s307,1
407786,s264,1
407786,s295,1
407786,s68,1
407786,s299,1
407786,s119,1
407786,s167,1
407786,s127,1
407786,s205,1
407786,s218,1
407786,s41,1
407786,s111,1
407786,s78,1
407786,s130,1
407786,s289,1
407786,s93,1
407786,s134,1
407786,s284,1
407786,s261,1
407786,s173,1
407786,s91,1
407786,s250,1
407786,s239,1
407786,s161,1
407786,s320,1
407786,s121,1
407786,s217,1
407786,s330,1
407786,s266,1
407786,s300,1
407786,s135,1
407786,s196,1
407786,s39,1
407786,s85,1
407786,s298,1
407786,s305,1
407786,s138,1
407786,s327,1
407786,s303,1
407786,s263,1
407786,s172,1
407786,s154,1
407786,s89,1
407786,s215,1
407786,s69,1
407786,s52,1
407786,s37,1
407786,s301,1
407786,s21,1
407786,s325,1
407786,s151,1
407786,s128,1
407786,s159,1
407786,s14,1
407786,s13,1
407786,s190,1
407786,s16,1
407786,s268,1
407786,s58,1
407786,s12,1
407786,s304,1
407786,s122,1
407786,s155,1
407786,s63,1
407786,s169,1
407786,s259,1
407786,s17,1
407786,s150,1
407786,s210,1
407786,s302,1
407786,s97,1
407786,s273,1
407786,s152,1
407786,s45,1
407786,s35,1
408937,s206,1
408937,s297,1
408937,s211,1
408937,s317,1
408937,s67,1
408937,s182,1
408937,s314,1
408937,s191,1
408937,s307,1
408937,s295,1
408937,s68,1
408937,s299,1
408937,s176,1
408937,s205,1
408937,s218,1
408937,s41,1
408937,s219,1
408937,s157,1
408937,s78,1
408937,s130,1
408937,s289,1
408937,s93,1
408937,s284,1
408937,s237,1
408937,s173,1
408937,s250,1
408937,s239,1
408937,s71,1
408937,s161,1
408937,s320,1
408937,s217,1
408937,s199,1
408937,s266,1
408937,s300,1
408937,s62,1
408937,s280,1
408937,s196,1
408937,s85,1
408937,s298,1
408937,s305,1
408937,s138,1
408937,s327,1
408937,s312,1
408937,s303,1
408937,s15,1
408937,s172,1
408937,s89,1
408937,s215,1
408937,s69,1
408937,s309,1
408937,s301,1
408937,s99,1
408937,s21,1
408937,s296,1
408937,s40,1
408937,s151,1
408937,s128,1
408937,s159,1
408937,s65,1
408937,s81,1
408937,s285,1
408937,s190,1
408937,s64,1
408937,s268,1
408937,s12,1
408937,s304,1
408937,s306,1
408937,s150,1
408937,s210,1
408937,s213,1
408937,s302,1
408937,s74,1
408937,s156,1
408937,s97,1
408937,s273,1
408937,s152,1
408937,s319,1
408937,s158,1
408937,s35,1
409225,s206,1
409225,s211,1
409225,s59,1
409225,s238,1
409225,s153,1
409225,s317,1
409225,s67,1
409225,s182,1
409225,s314,1
409225,s260,1
409225,s307,1
409225,s295,1
409225,s299,1
409225,s176,1
409225,s167,1
409225,s127,1
409225,s205,1
409225,s218,1
409225,s111,1
409225,s78,1
409225,s130,1
409225,s289,1
409225,s93,1
409225,s134,1
409225,s173,1
409225,s91,1
409225,s250,1
409225,s239,1
409225,s161,1
409225,s267,1
409225,s121,1
409225,s217,1
409225,s330,1
409225,s300,1
409225,s246,1
409225,s135,1
409225,s196,1
409225,s39,1
409225,s85,1
409225,s298,1
409225,s305,1
409225,s327,1
409225,s303,1
409225,s172,1
409225,s89,1
409225,s215,1
409225,s52,1
409225,s37,1
409225,s301,1
409225,s99,1
409225,s21,1
409225,s325,1
409225,s151,1
409225,s128,1
409225,s159,1
409225,s14,1
409225,s13,1
409225,s190,1
409225,s16,1
409225,s268,1
409225,s58,1
409225,s12,1
409225,s304,1
409225,s122,1
409225,s247,1
409225,s155,1
409225,s63,1
409225,s169,1
409225,s17,1
409225,s150,1
409225,s210,1
409225,s302,1
409225,s97,1
409225,s273,1
409225,s152,1
409225,s45,1
409225,s35,1
409580,s206,1
409580,s211,1
409580,s59,1
409580,s238,1
409580,s153,1
409580,s317,1
409580,s67,1
409580,s182,1
409580,s314,1
409580,s313,1
409580,s191,1
409580,s51,1
409580,s260,1
409580,s307,1
409580,s264,1
409580,s295,1
409580,s137,1
409580,s68,1
409580,s299,1
409580,s119,1
409580,s167,1
409580,s311,1
409580,s127,1
409580,s205,1
409580,s218,1
409580,s219,1
409580,s111,1
409580,s78,1
409580,s130,1
409580,s289,1
409580,s93,1
409580,s134,1
409580,s173,1
409580,s91,1
409580,s250,1
409580,s239,1
409580,s71,1
409580,s161,1
409580,s267,1
409580,s121,1
409580,s217,1
409580,s330,1
409580,s270,1
409580,s300,1
409580,s246,1
409580,s135,1
409580,s196,1
409580,s39,1
409580,s85,1
409580,s298,1
409580,s305,1
409580,s327,1
409580,s303,1
409580,s263,1
409580,s154,1
409580,s89,1
409580,s215,1
409580,s52,1
409580,s37,1
409580,s367,1
409580,s308,1
409580,s301,1
409580,s21,1
409580,s325,1
409580,s151,1
409580,s128,1
409580,s159,1
409580,s14,1
409580,s13,1
409580,s285,1
409580,s190,1
409580,s16,1
409580,s268,1
409580,s58,1
409580,s12,1
409580,s304,1
409580,s122,1
409580,s247,1
409580,s155,1
409580,s63,1
409580,s169,1
409580,s259,1
409580,s17,1
409580,s150,1
409580,s210,1
409580,s213,1
409580,s302,1
409580,s97,1
409580,s328,1
409580,s273,1
409580,s152,1
409580,s45,1
409580,s310,1
409580,s35,1
400672,s206,1
400672,s238,1
400672,s153,1
400672,s317,1
400672,s67,1
400672,s182,1
400672,s314,1
400672,s313,1
400672,s191,1
400672,s307,1
400672,s295,1
400672,s20,1
400672,s174,1
400672,s137,1
400672,s68,1
400672,s119,1
400672,s167,1
400672,s311,1
400672,s205,1
400672,s31,1
400672,s75,1
400672,s218,1
400672,s41,1
400672,s19,1
400672,s112,1
400672,s219,1
400672,s33,1
400672,s157,1
400672,s78,1
400672,s289,1
400672,s93,1
400672,s134,1
400672,s284,1
400672,s250,1
400672,s239,1
400672,s288,1
400672,s161,1
400672,s217,1
400672,s330,1
400672,s270,1
400672,s62,1
400672,s246,1
400672,s280,1
400672,s135,1
400672,s196,1
400672,s39,1
400672,s298,1
400672,s327,1
400672,s312,1
400672,s281,1
400672,s72,1
400672,s215,1
400672,s69,1
400672,s37,1
400672,s367,1
400672,s301,1
400672,s131,1
400672,s21,1
400672,s296,1
400672,s325,1
400672,s40,1
400672,s151,1
400672,s128,1
400672,s159,1
400672,s65,1
400672,s14,1
400672,s13,1
400672,s81,1
400672,s285,1
400672,s98,1
400672,s190,1
400672,s16,1
400672,s64,1
400672,s268,1
400672,s12,1
400672,s304,1
400672,s216,1
400672,s122,1
400672,s247,1
400672,s155,1
400672,s169,1
400672,s17,1
400672,s306,1
400672,s150,1
400672,s213,1
400672,s73,1
400672,s74,1
400672,s156,1
400672,s328,1
400672,s273,1
400672,s152,1
400672,s310,1
400672,s158,1
400672,s34,1
300009,s206,1
300009,s211,1
300009,s59,1
300009,s238,1
300009,s153,1
300009,s317,1
300009,s67,1
300009,s182,1
300009,s314,1
300009,s51,1
300009,s260,1
300009,s307,1
300009,s264,1
300009,s295,1
300009,s137,1
300009,s68,1
300009,s176,1
300009,s167,1
300009,s127,1
300009,s205,1
300009,s75,1
300009,s218,1
300009,s219,1
300009,s111,1
300009,s78,1
300009,s130,1
300009,s289,1
300009,s93,1
300009,s134,1
300009,s284,1
300009,s261,1
300009,s173,1
300009,s91,1
300009,s250,1
300009,s239,1
300009,s161,1
300009,s267,1
300009,s121,1
300009,s217,1
300009,s330,1
300009,s246,1
300009,s280,1
300009,s135,1
300009,s196,1
300009,s39,1
300009,s85,1
300009,s298,1
300009,s305,1
300009,s138,1
300009,s303,1
300009,s263,1
300009,s172,1
300009,s89,1
300009,s52,1
300009,s57,1
300009,s37,1
300009,s308,1
300009,s131,1
300009,s21,1
300009,s325,1
300009,s151,1
300009,s128,1
300009,s159,1
300009,s14,1
300009,s13,1
300009,s81,1
300009,s285,1
300009,s190,1
300009,s16,1
300009,s268,1
300009,s58,1
300009,s12,1
300009,s304,1
300009,s122,1
300009,s247,1
300009,s155,1
300009,s169,1
300009,s259,1
300009,s17,1
300009,s150,1
300009,s210,1
300009,s326,1
300009,s97,1
300009,s328,1
300009,s273,1
300009,s152,1
300009,s35,1
401611,s206,1
401611,s297,1
401611,s238,1
401611,s317,1
401611,s67,1
401611,s182,1
401611,s314,1
401611,s313,1
401611,s191,1
401611,s51,1
401611,s20,1
401611,s174,1
401611,s137,1
401611,s68,1
401611,s119,1
401611,s167,1
401611,s311,1
401611,s205,1
401611,s31,1
401611,s75,1
401611,s218,1
401611,s19,1
401611,s112,1
401611,s219,1
401611,s33,1
401611,s157,1
401611,s78,1
401611,s289,1
401611,s93,1
401611,s134,1
401611,s284,1
401611,s250,1
401611,s239,1
401611,s71,1
401611,s288,1
401611,s161,1
401611,s267,1
401611,s320,1
401611,s217,1
401611,s330,1
401611,s62,1
401611,s280,1
401611,s135,1
401611,s196,1
401611,s39,1
401611,s298,1
401611,s327,1
401611,s312,1
401611,s15,1
401611,s281,1
401611,s72,1
401611,s172,1
401611,s69,1
401611,s329,1
401611,s57,1
401611,s309,1
401611,s367,1
401611,s21,1
401611,s296,1
401611,s325,1
401611,s151,1
401611,s128,1
401611,s159,1
401611,s285,1
401611,s98,1
401611,s189,1
401611,s64,1
401611,s268,1
401611,s12,1
401611,s304,1
401611,s216,1
401611,s122,1
401611,s247,1
401611,s155,1
401611,s169,1
401611,s306,1
401611,s150,1
401611,s213,1
401611,s73,1
401611,s74,1
401611,s156,1
401611,s273,1
401611,s152,1
401611,s319,1
401611,s310,1
401611,s158,1
401611,s34,1
402412,s206,1
402412,s238,1
402412,s67,1
402412,s182,1
402412,s314,1
402412,s313,1
402412,s191,1
402412,s307,1
402412,s295,1
402412,s20,1
402412,s174,1
402412,s68,1
402412,s299,1
402412,s176,1
402412,s119,1
402412,s167,1
402412,s127,1
402412,s205,1
402412,s75,1
402412,s218,1
402412,s19,1
402412,s219,1
402412,s33,1
402412,s157,1
402412,s78,1
402412,s289,1
402412,s93,1
402412,s134,1
402412,s284,1
402412,s261,1
402412,s173,1
402412,s250,1
402412,s239,1
402412,s71,1
402412,s288,1
402412,s161,1
402412,s320,1
402412,s121,1
402412,s217,1
402412,s330,1
402412,s199,1
402412,s266,1
402412,s300,1
402412,s62,1
402412,s246,1
402412,s135,1
402412,s196,1
402412,s39,1
402412,s298,1
402412,s138,1
402412,s15,1
402412,s281,1
402412,s72,1
402412,s172,1
402412,s89,1
402412,s215,1
402412,s69,1
402412,s37,1
402412,s309,1
402412,s301,1
402412,s21,1
402412,s325,1
402412,s151,1
402412,s128,1
402412,s159,1
402412,s285,1
402412,s98,1
402412,s190,1
402412,s189,1
402412,s64,1
402412,s268,1
402412,s12,1
402412,s304,1
402412,s216,1
402412,s122,1
402412,s247,1
402412,s155,1
402412,s169,1
402412,s306,1
402412,s150,1
402412,s213,1
402412,s302,1
402412,s73,1
402412,s74,1
402412,s156,1
402412,s326,1
402412,s273,1
402412,s152,1
402412,s319,1
402412,s158,1
402412,s34,1
300023,s206,1
300023,s238,1
300023,s67,1
300023,s314,1
300023,s313,1
300023,s191,1
300023,s260,1
300023,s307,1
300023,s264,1
300023,s20,1
300023,s174,1
300023,s137,1
300023,s68,1
300023,s299,1
300023,s119,1
300023,s167,1
300023,s311,1
300023,s205,1
300023,s31,1
300023,s75,1
300023,s218,1
300023,s19,1
300023,s112,1
300023,s219,1
300023,s33,1
300023,s157,1
300023,s78,1
300023,s289,1
300023,s134,1
300023,s284,1
300023,s261,1
300023,s250,1
300023,s239,1
300023,s71,1
300023,s288,1
300023,s320,1
300023,s36,1
300023,s217,1
300023,s330,1
300023,s266,1
300023,s300,1
300023,s62,1
300023,s246,1
300023,s280,1
300023,s135,1
300023,s196,1
300023,s39,1
300023,s298,1
300023,s305,1
300023,s138,1
300023,s327,1
300023,s312,1
300023,s303,1
300023,s15,1
300023,s281,1
300023,s72,1
300023,s263,1
300023,s215,1
300023,s69,1
300023,s329,1
300023,s37,1
300023,s309,1
300023,s367,1
300023,s308,1
300023,s301,1
300023,s21,1
300023,s325,1
300023,s151,1
300023,s128,1
300023,s159,1
300023,s285,1
300023,s98,1
300023,s190,1
300023,s64,1
300023,s268,1
300023,s12,1
300023,s304,1
300023,s216,1
300023,s122,1
300023,s247,1
300023,s155,1
300023,s169,1
300023,s259,1
300023,s306,1
300023,s150,1
300023,s213,1
300023,s302,1
300023,s73,1
300023,s74,1
300023,s156,1
300023,s328,1
300023,s273,1
300023,s152,1
300023,s319,1
300023,s310,1
300023,s158,1
300023,s34,1
402727,s206,1
402727,s59,1
402727,s238,1
402727,s317,1
402727,s67,1
402727,s182,1
402727,s314,1
402727,s313,1
402727,s51,1
402727,s260,1
402727,s307,1
402727,s264,1
402727,s295,1
402727,s20,1
402727,s174,1
402727,s137,1
402727,s68,1
402727,s299,1
402727,s176,1
402727,s119,1
402727,s167,1
402727,s127,1
402727,s205,1
402727,s31,1
402727,s218,1
402727,s41,1
402727,s19,1
402727,s219,1
402727,s33,1
402727,s111,1
402727,s157,1
402727,s78,1
402727,s289,1
402727,s93,1
402727,s134,1
402727,s284,1
402727,s261,1
402727,s173,1
402727,s250,1
402727,s239,1
402727,s161,1
402727,s320,1
402727,s121,1
402727,s36,1
402727,s217,1
402727,s330,1
402727,s266,1
402727,s300,1
402727,s62,1
402727,s246,1
402727,s280,1
402727,s135,1
402727,s196,1
402727,s39,1
402727,s298,1
402727,s305,1
402727,s138,1
402727,s303,1
402727,s15,1
402727,s281,1
402727,s72,1
402727,s263,1
402727,s172,1
402727,s215,1
402727,s37,1
402727,s309,1
402727,s308,1
402727,s301,1
402727,s21,1
402727,s325,1
402727,s151,1
402727,s128,1
402727,s159,1
402727,s285,1
402727,s98,1
402727,s190,1
402727,s268,1
402727,s12,1
402727,s304,1
402727,s122,1
402727,s155,1
402727,s63,1
402727,s169,1
402727,s259,1
402727,s306,1
402727,s150,1
402727,s213,1
402727,s302,1
402727,s73,1
402727,s74,1
402727,s156,1
402727,s326,1
402727,s273,1
402727,s152,1
402727,s319,1
402727,s158,1
402727,s35,1
402727,s34,1
403142,s206,1
403142,s59,1
403142,s238,1
403142,s67,1
403142,s314,1
403142,s313,1
403142,s191,1
403142,s260,1
403142,s264,1
403142,s295,1
403142,s20,1
403142,s174,1
403142,s137,1
403142,s299,1
403142,s119,1
403142,s167,1
403142,s311,1
403142,s127,1
403142,s205,1
403142,s31,1
403142,s75,1
403142,s218,1
403142,s41,1
403142,s19,1
403142,s112,1
403142,s219,1
403142,s33,1
403142,s157,1
403142,s78,1
403142,s289,1
403142,s93,1
403142,s134,1
403142,s284,1
403142,s261,1
403142,s173,1
403142,s250,1
403142,s239,1
403142,s71,1
403142,s288,1
403142,s161,1
403142,s320,1
403142,s36,1
403142,s217,1
403142,s330,1
403142,s266,1
403142,s300,1
403142,s62,1
403142,s246,1
403142,s280,1
403142,s135,1
403142,s196,1
403142,s39,1
403142,s298,1
403142,s305,1
403142,s138,1
403142,s327,1
403142,s15,1
403142,s281,1
403142,s263,1
403142,s172,1
403142,s215,1
403142,s37,1
403142,s367,1
403142,s308,1
403142,s301,1
403142,s21,1
403142,s325,1
403142,s151,1
403142,s128,1
403142,s159,1
403142,s285,1
403142,s190,1
403142,s268,1
403142,s12,1
403142,s304,1
403142,s216,1
403142,s122,1
403142,s247,1
403142,s155,1
403142,s169,1
403142,s259,1
403142,s17,1
403142,s150,1
403142,s213,1
403142,s302,1
403142,s74,1
403142,s156,1
403142,s97,1
403142,s273,1
403142,s152,1
403142,s319,1
403142,s310,1
403142,s158,1
403142,s35,1
403142,s34,1
403515,s206,1
403515,s297,1
403515,s238,1
403515,s67,1
403515,s182,1
403515,s314,1
403515,s313,1
403515,s191,1
403515,s307,1
403515,s264,1
403515,s20,1
403515,s174,1
403515,s68,1
403515,s119,1
403515,s167,1
403515,s311,1
403515,s205,1
403515,s31,1
403515,s75,1
403515,s218,1
403515,s41,1
403515,s19,1
403515,s112,1
403515,s219,1
403515,s33,1
403515,s157,1
403515,s78,1
403515,s289,1
403515,s93,1
403515,s134,1
403515,s284,1
403515,s261,1
403515,s250,1
403515,s239,1
403515,s220,1
403515,s71,1
403515,s288,1
403515,s161,1
403515,s267,1
403515,s320,1
403515,s36,1
403515,s217,1
403515,s330,1
403515,s266,1
403515,s62,1
403515,s280,1
403515,s135,1
403515,s39,1
403515,s298,1
403515,s305,1
403515,s138,1
403515,s312,1
403515,s15,1
403515,s281,1
403515,s72,1
403515,s263,1
403515,s215,1
403515,s69,1
403515,s329,1
403515,s309,1
403515,s367,1
403515,s301,1
403515,s21,1
403515,s296,1
403515,s40,1
403515,s151,1
403515,s128,1
403515,s159,1
403515,s65,1
403515,s285,1
403515,s98,1
403515,s189,1
403515,s64,1
403515,s268,1
403515,s12,1
403515,s304,1
403515,s216,1
403515,s122,1
403515,s247,1
403515,s155,1
403515,s169,1
403515,s306,1
403515,s150,1
403515,s213,1
403515,s73,1
403515,s74,1
403515,s156,1
403515,s273,1
403515,s152,1
403515,s319,1
403515,s310,1
403515,s158,1
403515,s34,1
300036,s206,1
300036,s297,1
300036,s238,1
300036,s67,1
300036,s182,1
300036,s314,1
300036,s313,1
300036,s307,1
300036,s264,1
300036,s20,1
300036,s174,1
300036,s137,1
300036,s68,1
300036,s119,1
300036,s167,1
300036,s311,1
300036,s205,1
300036,s31,1
300036,s75,1
300036,s218,1
300036,s41,1
300036,s19,1
300036,s112,1
300036,s219,1
300036,s33,1
300036,s157,1
300036,s78,1
300036,s289,1
300036,s93,1
300036,s134,1
300036,s284,1
300036,s261,1
300036,s237,1
300036,s250,1
300036,s239,1
300036,s71,1
300036,s288,1
300036,s161,1
300036,s320,1
300036,s36,1
300036,s330,1
300036,s270,1
300036,s266,1
300036,s62,1
300036,s280,1
300036,s135,1
300036,s196,1
300036,s39,1
300036,s298,1
300036,s305,1
300036,s138,1
300036,s312,1
300036,s303,1
300036,s15,1
300036,s281,1
300036,s72,1
300036,s263,1
300036,s172,1
300036,s69,1
300036,s329,1
300036,s37,1
300036,s309,1
300036,s367,1
300036,s308,1
300036,s301,1
300036,s131,1
300036,s21,1
300036,s325,1
300036,s151,1
300036,s128,1
300036,s159,1
300036,s65,1
300036,s285,1
300036,s98,1
300036,s189,1
300036,s64,1
300036,s268,1
300036,s12,1
300036,s304,1
300036,s216,1
300036,s122,1
300036,s247,1
300036,s155,1
300036,s169,1
300036,s259,1
300036,s306,1
300036,s150,1
300036,s213,1
300036,s302,1
300036,s73,1
300036,s74,1
300036,s156,1
300036,s326,1
300036,s273,1
300036,s152,1
300036,s319,1
300036,s310,1
300036,s158,1
300036,s34,1
403920,s206,1
403920,s297,1
403920,s238,1
403920,s317,1
403920,s67,1
403920,s314,1
403920,s313,1
403920,s191,1
403920,s260,1
403920,s307,1
403920,s264,1
403920,s20,1
403920,s174,1
403920,s68,1
403920,s119,1
403920,s167,1
403920,s205,1
403920,s75,1
403920,s218,1
403920,s19,1
403920,s219,1
403920,s33,1
403920,s157,1
403920,s78,1
403920,s289,1
403920,s93,1
403920,s134,1
403920,s284,1
403920,s261,1
403920,s250,1
403920,s239,1
403920,s71,1
403920,s288,1
403920,s161,1
403920,s267,1
403920,s320,1
403920,s121,1
403920,s36,1
403920,s217,1
403920,s330,1
403920,s266,1
403920,s62,1
403920,s280,1
403920,s135,1
403920,s196,1
403920,s39,1
403920,s298,1
403920,s138,1
403920,s312,1
403920,s15,1
403920,s281,1
403920,s72,1
403920,s263,1
403920,s172,1
403920,s215,1
403920,s69,1
403920,s329,1
403920,s309,1
403920,s21,1
403920,s325,1
403920,s151,1
403920,s128,1
403920,s159,1
403920,s285,1
403920,s98,1
403920,s189,1
403920,s64,1
403920,s268,1
403920,s12,1
403920,s304,1
403920,s122,1
403920,s247,1
403920,s155,1
403920,s259,1
403920,s150,1
403920,s213,1
403920,s73,1
403920,s74,1
403920,s156,1
403920,s328,1
403920,s273,1
403920,s152,1
403920,s319,1
403920,s310,1
403920,s158,1
403920,s34,1
404598,s206,1
404598,s211,1
404598,s59,1
404598,s238,1
404598,s153,1
404598,s317,1
404598,s67,1
404598,s182,1
404598,s314,1
404598,s191,1
404598,s51,1
404598,s260,1
404598,s307,1
404598,s295,1
404598,s137,1
404598,s68,1
404598,s299,1
404598,s176,1
404598,s167,1
404598,s205,1
404598,s75,1
404598,s218,1
404598,s219,1
404598,s78,1
404598,s130,1
404598,s289,1
404598,s93,1
404598,s134,1
404598,s284,1
404598,s261,1
404598,s173,1
404598,s91,1
404598,s250,1
404598,s239,1
404598,s71,1
404598,s161,1
404598,s267,1
404598,s121,1
404598,s36,1
404598,s217,1
404598,s330,1
404598,s175,1
404598,s300,1
404598,s246,1
404598,s135,1
404598,s196,1
404598,s39,1
404598,s85,1
404598,s298,1
404598,s305,1
404598,s138,1
404598,s327,1
404598,s303,1
404598,s172,1
404598,s215,1
404598,s69,1
404598,s52,1
404598,s37,1
404598,s301,1
404598,s21,1
404598,s325,1
404598,s151,1
404598,s128,1
404598,s159,1
404598,s14,1
404598,s13,1
404598,s190,1
404598,s16,1
404598,s268,1
404598,s58,1
404598,s12,1
404598,s304,1
404598,s122,1
404598,s247,1
404598,s155,1
404598,s63,1
404598,s259,1
404598,s17,1
404598,s150,1
404598,s210,1
404598,s302,1
404598,s97,1
404598,s273,1
404598,s152,1
404598,s35,1
404679,s206,1
404679,s211,1
404679,s59,1
404679,s238,1
404679,s153,1
404679,s317,1
404679,s67,1
404679,s182,1
404679,s314,1
404679,s313,1
404679,s191,1
404679,s51,1
404679,s260,1
404679,s307,1
404679,s264,1
404679,s295,1
404679,s20,1
404679,s137,1
404679,s68,1
404679,s299,1
404679,s167,1
404679,s311,1
404679,s127,1
404679,s205,1
404679,s218,1
404679,s19,1
404679,s219,1
404679,s111,1
404679,s78,1
404679,s130,1
404679,s289,1
404679,s93,1
404679,s134,1
404679,s284,1
404679,s173,1
404679,s91,1
404679,s250,1
404679,s239,1
404679,s161,1
404679,s267,1
404679,s121,1
404679,s217,1
404679,s330,1
404679,s270,1
404679,s300,1
404679,s246,1
404679,s135,1
404679,s196,1
404679,s39,1
404679,s298,1
404679,s305,1
404679,s327,1
404679,s303,1
404679,s263,1
404679,s172,1
404679,s89,1
404679,s215,1
404679,s52,1
404679,s57,1
404679,s37,1
404679,s301,1
404679,s21,1
404679,s325,1
404679,s151,1
404679,s128,1
404679,s159,1
404679,s14,1
404679,s13,1
404679,s285,1
404679,s190,1
404679,s16,1
404679,s268,1
404679,s58,1
404679,s12,1
404679,s304,1
404679,s122,1
404679,s247,1
404679,s155,1
404679,s63,1
404679,s169,1
404679,s259,1
404679,s17,1
404679,s150,1
404679,s210,1
404679,s213,1
404679,s302,1
404679,s97,1
404679,s328,1
404679,s273,1
404679,s152,1
404679,s45,1
404679,s310,1
404679,s35,1
400559,s206,1
400559,s59,1
400559,s238,1
400559,s317,1
400559,s67,1
400559,s314,1
400559,s313,1
400559,s191,1
400559,s260,1
400559,s307,1
400559,s264,1
400559,s20,1
400559,s174,1
400559,s137,1
400559,s68,1
400559,s119,1
400559,s167,1
400559,s205,1
400559,s75,1
400559,s218,1
400559,s19,1
400559,s219,1
400559,s33,1
400559,s157,1
400559,s78,1
400559,s289,1
400559,s93,1
400559,s134,1
400559,s284,1
400559,s261,1
400559,s250,1
400559,s239,1
400559,s71,1
400559,s288,1
400559,s161,1
400559,s267,1
400559,s320,1
400559,s121,1
400559,s36,1
400559,s217,1
400559,s330,1
400559,s62,1
400559,s280,1
400559,s135,1
400559,s196,1
400559,s39,1
400559,s298,1
400559,s138,1
400559,s312,1
400559,s303,1
400559,s15,1
400559,s281,1
400559,s72,1
400559,s263,1
400559,s172,1
400559,s215,1
400559,s69,1
400559,s329,1
400559,s37,1
400559,s309,1
400559,s367,1
400559,s21,1
400559,s325,1
400559,s151,1
400559,s128,1
400559,s159,1
400559,s285,1
400559,s98,1
400559,s189,1
400559,s64,1
400559,s268,1
400559,s12,1
400559,s304,1
400559,s216,1
400559,s122,1
400559,s155,1
400559,s169,1
400559,s259,1
400559,s306,1
400559,s150,1
400559,s213,1
400559,s73,1
400559,s74,1
400559,s156,1
400559,s326,1
400559,s328,1
400559,s273,1
400559,s152,1
400559,s319,1
400559,s310,1
400559,s158,1
400559,s35,1
400559,s34,1
300159,s206,1
300159,s297,1
300159,s67,1
300159,s314,1
300159,s313,1
300159,s307,1
300159,s264,1
300159,s20,1
300159,s174,1
300159,s137,1
300159,s68,1
300159,s119,1
300159,s167,1
300159,s311,1
300159,s31,1
300159,s75,1
300159,s218,1
300159,s41,1
300159,s19,1
300159,s112,1
300159,s219,1
300159,s33,1
300159,s157,1
300159,s78,1
300159,s289,1
300159,s134,1
300159,s284,1
300159,s261,1
300159,s237,1
300159,s250,1
300159,s239,1
300159,s71,1
300159,s288,1
300159,s320,1
300159,s36,1
300159,s217,1
300159,s266,1
300159,s62,1
300159,s280,1
300159,s135,1
300159,s39,1
300159,s298,1
300159,s138,1
300159,s312,1
300159,s15,1
300159,s281,1
300159,s72,1
300159,s263,1
300159,s69,1
300159,s329,1
300159,s37,1
300159,s309,1
300159,s367,1
300159,s308,1
300159,s131,1
300159,s21,1
300159,s40,1
300159,s151,1
300159,s128,1
300159,s159,1
300159,s65,1
300159,s81,1
300159,s285,1
300159,s98,1
300159,s64,1
300159,s268,1
300159,s12,1
300159,s304,1
300159,s216,1
300159,s122,1
300159,s155,1
300159,s169,1
300159,s306,1
300159,s150,1
300159,s213,1
300159,s73,1
300159,s74,1
300159,s156,1
300159,s326,1
300159,s328,1
300159,s273,1
300159,s152,1
300159,s319,1
300159,s310,1
300159,s158,1
300159,s34,1
405305,s206,1
405305,s238,1
405305,s67,1
405305,s182,1
405305,s314,1
405305,s313,1
405305,s191,1
405305,s260,1
405305,s307,1
405305,s264,1
405305,s20,1
405305,s174,1
405305,s137,1
405305,s68,1
405305,s119,1
405305,s167,1
405305,s311,1
405305,s31,1
405305,s75,1
405305,s218,1
405305,s41,1
405305,s19,1
405305,s112,1
405305,s219,1
405305,s33,1
405305,s157,1
405305,s289,1
405305,s134,1
405305,s284,1
405305,s261,1
405305,s237,1
405305,s250,1
405305,s239,1
405305,s71,1
405305,s288,1
405305,s320,1
405305,s36,1
405305,s217,1
405305,s270,1
405305,s266,1
405305,s62,1
405305,s280,1
405305,s135,1
405305,s39,1
405305,s298,1
405305,s138,1
405305,s312,1
405305,s15,1
405305,s281,1
405305,s72,1
405305,s263,1
405305,s215,1
405305,s69,1
405305,s329,1
405305,s309,1
405305,s367,1
405305,s131,1
405305,s21,1
405305,s296,1
405305,s151,1
405305,s128,1
405305,s159,1
405305,s65,1
405305,s285,1
405305,s98,1
405305,s190,1
405305,s64,1
405305,s268,1
405305,s12,1
405305,s304,1
405305,s216,1
405305,s122,1
405305,s247,1
405305,s155,1
405305,s169,1
405305,s259,1
405305,s306,1
405305,s150,1
405305,s213,1
405305,s73,1
405305,s74,1
405305,s156,1
405305,s326,1
405305,s273,1
405305,s152,1
405305,s319,1
405305,s310,1
405305,s158,1
405305,s34,1
405310,s206,1
405310,s59,1
405310,s153,1
405310,s317,1
405310,s67,1
405310,s182,1
405310,s314,1
405310,s313,1
405310,s260,1
405310,s307,1
405310,s264,1
405310,s295,1
405310,s20,1
405310,s137,1
405310,s299,1
405310,s119,1
405310,s167,1
405310,s311,1
405310,s31,1
405310,s75,1
405310,s218,1
405310,s41,1
405310,s19,1
405310,s112,1
405310,s219,1
405310,s157,1
405310,s130,1
405310,s289,1
405310,s93,1
405310,s134,1
405310,s284,1
405310,s261,1
405310,s173,1
405310,s91,1
405310,s250,1
405310,s239,1
405310,s71,1
405310,s288,1
405310,s267,1
405310,s36,1
405310,s217,1
405310,s330,1
405310,s270,1
405310,s175,1
405310,s300,1
405310,s135,1
405310,s39,1
405310,s298,1
405310,s305,1
405310,s303,1
405310,s281,1
405310,s263,1
405310,s215,1
405310,s69,1
405310,s52,1
405310,s37,1
405310,s367,1
405310,s308,1
405310,s301,1
405310,s131,1
405310,s21,1
405310,s296,1
405310,s325,1
405310,s151,1
405310,s128,1
405310,s159,1
405310,s14,1
405310,s13,1
405310,s285,1
405310,s190,1
405310,s16,1
405310,s268,1
405310,s58,1
405310,s12,1
405310,s304,1
405310,s155,1
405310,s63,1
405310,s169,1
405310,s259,1
405310,s17,1
405310,s150,1
405310,s210,1
405310,s213,1
405310,s302,1
405310,s326,1
405310,s97,1
405310,s328,1
405310,s273,1
405310,s310,1
405310,s158,1
405310,s35,1
300154,s206,1
300154,s297,1
300154,s67,1
300154,s182,1
300154,s314,1
300154,s313,1
300154,s307,1
300154,s20,1
300154,s174,1
300154,s137,1
300154,s68,1
300154,s299,1
300154,s119,1
300154,s167,1
300154,s311,1
300154,s205,1
300154,s31,1
300154,s75,1
300154,s218,1
300154,s41,1
300154,s19,1
300154,s112,1
300154,s219,1
300154,s33,1
300154,s157,1
300154,s289,1
300154,s134,1
300154,s284,1
300154,s261,1
300154,s237,1
300154,s250,1
300154,s239,1
300154,s220,1
300154,s71,1
300154,s288,1
300154,s320,1
300154,s36,1
300154,s217,1
300154,s266,1
300154,s300,1
300154,s62,1
300154,s280,1
300154,s135,1
300154,s298,1
300154,s305,1
300154,s312,1
300154,s303,1
300154,s15,1
300154,s281,1
300154,s72,1
300154,s69,1
300154,s329,1
300154,s309,1
300154,s367,1
300154,s308,1
300154,s301,1
300154,s131,1
300154,s21,1
300154,s296,1
300154,s40,1
300154,s128,1
300154,s159,1
300154,s65,1
300154,s285,1
300154,s98,1
300154,s190,1
300154,s189,1
300154,s64,1
300154,s268,1
300154,s12,1
300154,s304,1
300154,s122,1
300154,s306,1
300154,s213,1
300154,s302,1
300154,s73,1
300154,s74,1
300154,s156,1
300154,s326,1
300154,s273,1
300154,s319,1
300154,s310,1
300154,s158,1
300154,s34,1
300053,s206,1
300053,s297,1
300053,s59,1
300053,s238,1
300053,s153,1
300053,s67,1
300053,s182,1
300053,s314,1
300053,s191,1
300053,s51,1
300053,s260,1
300053,s307,1
300053,s264,1
300053,s295,1
300053,s137,1
300053,s299,1
300053,s119,1
300053,s167,1
300053,s311,1
300053,s205,1
300053,s31,1
300053,s218,1
300053,s112,1
300053,s219,1
300053,s157,1
300053,s78,1
300053,s289,1
300053,s93,1
300053,s134,1
300053,s284,1
300053,s261,1
300053,s173,1
300053,s250,1
300053,s239,1
300053,s161,1
300053,s267,1
300053,s121,1
300053,s217,1
300053,s330,1
300053,s175,1
300053,s300,1
300053,s246,1
300053,s280,1
300053,s135,1
300053,s196,1
300053,s39,1
300053,s85,1
300053,s298,1
300053,s305,1
300053,s138,1
300053,s303,1
300053,s281,1
300053,s263,1
300053,s172,1
300053,s215,1
300053,s57,1
300053,s37,1
300053,s367,1
300053,s308,1
300053,s301,1
300053,s131,1
300053,s21,1
300053,s325,1
300053,s151,1
300053,s128,1
300053,s159,1
300053,s14,1
300053,s13,1
300053,s81,1
300053,s285,1
300053,s98,1
300053,s190,1
300053,s16,1
300053,s268,1
300053,s58,1
300053,s12,1
300053,s304,1
300053,s122,1
300053,s247,1
300053,s155,1
300053,s63,1
300053,s259,1
300053,s17,1
300053,s150,1
300053,s213,1
300053,s302,1
300053,s156,1
300053,s326,1
300053,s328,1
300053,s273,1
300053,s152,1
300053,s310,1
300053,s158,1
300053,s35,1
405795,s206,1
405795,s297,1
405795,s67,1
405795,s314,1
405795,s313,1
405795,s307,1
405795,s295,1
405795,s20,1
405795,s174,1
405795,s137,1
405795,s68,1
405795,s299,1
405795,s119,1
405795,s167,1
405795,s311,1
405795,s31,1
405795,s75,1
405795,s218,1
405795,s41,1
405795,s19,1
405795,s112,1
405795,s33,1
405795,s157,1
405795,s78,1
405795,s134,1
405795,s284,1
405795,s261,1
405795,s237,1
405795,s250,1
405795,s239,1
405795,s220,1
405795,s71,1
405795,s288,1
405795,s320,1
405795,s36,1
405795,s266,1
405795,s62,1
405795,s280,1
405795,s135,1
405795,s196,1
405795,s298,1
405795,s138,1
405795,s312,1
405795,s15,1
405795,s281,1
405795,s72,1
405795,s154,1
405795,s215,1
405795,s69,1
405795,s57,1
405795,s367,1
405795,s131,1
405795,s21,1
405795,s296,1
405795,s40,1
405795,s151,1
405795,s128,1
405795,s159,1
405795,s65,1
405795,s285,1
405795,s98,1
405795,s190,1
405795,s64,1
405795,s268,1
405795,s12,1
405795,s304,1
405795,s216,1
405795,s122,1
405795,s306,1
405795,s150,1
405795,s213,1
405795,s73,1
405795,s74,1
405795,s156,1
405795,s326,1
405795,s328,1
405795,s273,1
405795,s152,1
405795,s45,1
405795,s319,1
405795,s310,1
405795,s158,1
405795,s34,1
406188,s206,1
406188,s238,1
406188,s67,1
406188,s182,1
406188,s314,1
406188,s313,1
406188,s191,1
406188,s51,1
406188,s307,1
406188,s174,1
406188,s137,1
406188,s68,1
406188,s119,1
406188,s167,1
406188,s311,1
406188,s205,1
406188,s31,1
406188,s75,1
406188,s218,1
406188,s41,1
406188,s112,1
406188,s219,1
406188,s33,1
406188,s157,1
406188,s78,1
406188,s289,1
406188,s93,1
406188,s134,1
406188,s284,1
406188,s261,1
406188,s250,1
406188,s239,1
406188,s71,1
406188,s288,1
406188,s161,1
406188,s267,1
406188,s320,1
406188,s121,1
406188,s217,1
406188,s330,1
406188,s62,1
406188,s135,1
406188,s196,1
406188,s39,1
406188,s85,1
406188,s298,1
406188,s138,1
406188,s312,1
406188,s303,1
406188,s281,1
406188,s72,1
406188,s172,1
406188,s69,1
406188,s329,1
406188,s57,1
406188,s309,1
406188,s301,1
406188,s131,1
406188,s21,1
406188,s151,1
406188,s128,1
406188,s159,1
406188,s81,1
406188,s98,1
406188,s189,1
406188,s64,1
406188,s268,1
406188,s12,1
406188,s304,1
406188,s216,1
406188,s122,1
406188,s155,1
406188,s169,1
406188,s306,1
406188,s150,1
406188,s302,1
406188,s73,1
406188,s74,1
406188,s156,1
406188,s326,1
406188,s273,1
406188,s152,1
406188,s319,1
406188,s310,1
406188,s158,1
406188,s34,1
406190,s206,1
406190,s238,1
406190,s153,1
406190,s317,1
406190,s67,1
406190,s182,1
406190,s314,1
406190,s313,1
406190,s191,1
406190,s307,1
406190,s295,1
406190,s20,1
406190,s174,1
406190,s137,1
406190,s176,1
406190,s119,1
406190,s167,1
406190,s205,1
406190,s31,1
406190,s75,1
406190,s218,1
406190,s41,1
406190,s19,1
406190,s112,1
406190,s219,1
406190,s33,1
406190,s157,1
406190,s78,1
406190,s289,1
406190,s93,1
406190,s134,1
406190,s284,1
406190,s173,1
406190,s250,1
406190,s239,1
406190,s220,1
406190,s71,1
406190,s288,1
406190,s161,1
406190,s36,1
406190,s217,1
406190,s330,1
406190,s62,1
406190,s246,1
406190,s280,1
406190,s135,1
406190,s196,1
406190,s39,1
406190,s298,1
406190,s305,1
406190,s327,1
406190,s312,1
406190,s303,1
406190,s281,1
406190,s72,1
406190,s215,1
406190,s69,1
406190,s57,1
406190,s37,1
406190,s367,1
406190,s301,1
406190,s21,1
406190,s296,1
406190,s40,1
406190,s151,1
406190,s128,1
406190,s159,1
406190,s14,1
406190,s13,1
406190,s285,1
406190,s98,1
406190,s190,1
406190,s64,1
406190,s268,1
406190,s12,1
406190,s304,1
406190,s122,1
406190,s247,1
406190,s155,1
406190,s63,1
406190,s169,1
406190,s17,1
406190,s306,1
406190,s150,1
406190,s213,1
406190,s73,1
406190,s74,1
406190,s156,1
406190,s273,1
406190,s152,1
406190,s158,1
406190,s35,1
300070,s206,1
300070,s297,1
300070,s238,1
300070,s67,1
300070,s182,1
300070,s314,1
300070,s313,1
300070,s191,1
300070,s307,1
300070,s20,1
300070,s174,1
300070,s137,1
300070,s68,1
300070,s176,1
300070,s119,1
300070,s167,1
300070,s311,1
300070,s31,1
300070,s75,1
300070,s218,1
300070,s19,1
300070,s112,1
300070,s219,1
300070,s33,1
300070,s157,1
300070,s78,1
300070,s289,1
300070,s93,1
300070,s134,1
300070,s284,1
300070,s237,1
300070,s250,1
300070,s239,1
300070,s220,1
300070,s71,1
300070,s288,1
300070,s161,1
300070,s320,1
300070,s36,1
300070,s217,1
300070,s330,1
300070,s266,1
300070,s62,1
300070,s280,1
300070,s135,1
300070,s196,1
300070,s39,1
300070,s298,1
300070,s138,1
300070,s312,1
300070,s15,1
300070,s281,1
300070,s72,1
300070,s172,1
300070,s215,1
300070,s69,1
300070,s329,1
300070,s37,1
300070,s309,1
300070,s131,1
300070,s21,1
300070,s296,1
300070,s151,1
300070,s128,1
300070,s159,1
300070,s285,1
300070,s98,1
300070,s190,1
300070,s64,1
300070,s268,1
300070,s12,1
300070,s304,1
300070,s216,1
300070,s122,1
300070,s247,1
300070,s155,1
300070,s169,1
300070,s306,1
300070,s150,1
300070,s213,1
300070,s73,1
300070,s74,1
300070,s156,1
300070,s326,1
300070,s273,1
300070,s152,1
300070,s319,1
300070,s310,1
300070,s158,1
300070,s35,1
300070,s34,1
407268,s206,1
407268,s211,1
407268,s59,1
407268,s238,1
407268,s153,1
407268,s317,1
407268,s67,1
407268,s182,1
407268,s314,1
407268,s191,1
407268,s51,1
407268,s260,1
407268,s307,1
407268,s264,1
407268,s295,1
407268,s137,1
407268,s176,1
407268,s167,1
407268,s311,1
407268,s127,1
407268,s205,1
407268,s219,1
407268,s111,1
407268,s78,1
407268,s130,1
407268,s289,1
407268,s93,1
407268,s134,1
407268,s284,1
407268,s261,1
407268,s173,1
407268,s91,1
407268,s250,1
407268,s239,1
407268,s161,1
407268,s267,1
407268,s121,1
407268,s217,1
407268,s330,1
407268,s270,1
407268,s135,1
407268,s196,1
407268,s39,1
407268,s85,1
407268,s138,1
407268,s327,1
407268,s263,1
407268,s172,1
407268,s154,1
407268,s215,1
407268,s52,1
407268,s57,1
407268,s37,1
407268,s308,1
407268,s99,1
407268,s21,1
407268,s325,1
407268,s151,1
407268,s128,1
407268,s159,1
407268,s14,1
407268,s13,1
407268,s190,1
407268,s16,1
407268,s268,1
407268,s58,1
407268,s12,1
407268,s304,1
407268,s247,1
407268,s155,1
407268,s63,1
407268,s169,1
407268,s259,1
407268,s17,1
407268,s150,1
407268,s210,1
407268,s212,1
407268,s97,1
407268,s273,1
407268,s152,1
407268,s45,1
407268,s319,1
407268,s310,1
407268,s35,1
407275,s206,1
407275,s238,1
407275,s67,1
407275,s314,1
407275,s313,1
407275,s191,1
407275,s260,1
407275,s264,1
407275,s20,1
407275,s174,1
407275,s137,1
407275,s68,1
407275,s299,1
407275,s119,1
407275,s167,1
407275,s311,1
407275,s205,1
407275,s31,1
407275,s75,1
407275,s218,1
407275,s41,1
407275,s19,1
407275,s112,1
407275,s219,1
407275,s33,1
407275,s157,1
407275,s78,1
407275,s289,1
407275,s93,1
407275,s134,1
407275,s284,1
407275,s261,1
407275,s237,1
407275,s250,1
407275,s239,1
407275,s220,1
407275,s71,1
407275,s288,1
407275,s161,1
407275,s320,1
407275,s36,1
407275,s217,1
407275,s330,1
407275,s266,1
407275,s300,1
407275,s62,1
407275,s246,1
407275,s280,1
407275,s135,1
407275,s39,1
407275,s298,1
407275,s305,1
407275,s138,1
407275,s327,1
407275,s312,1
407275,s303,1
407275,s15,1
407275,s281,1
407275,s72,1
407275,s263,1
407275,s215,1
407275,s69,1
407275,s329,1
407275,s57,1
407275,s37,1
407275,s367,1
407275,s301,1
407275,s131,1
407275,s21,1
407275,s296,1
407275,s325,1
407275,s40,1
407275,s151,1
407275,s128,1
407275,s159,1
407275,s81,1
407275,s285,1
407275,s98,1
407275,s190,1
407275,s64,1
407275,s268,1
407275,s12,1
407275,s304,1
407275,s122,1
407275,s247,1
407275,s155,1
407275,s169,1
407275,s259,1
407275,s306,1
407275,s150,1
407275,s213,1
407275,s302,1
407275,s73,1
407275,s74,1
407275,s156,1
407275,s328,1
407275,s273,1
407275,s152,1
407275,s319,1
407275,s310,1
407275,s158,1
407275,s35,1
407275,s34,1
300072,s206,1
300072,s297,1
300072,s238,1
300072,s317,1
300072,s67,1
300072,s182,1
300072,s314,1
300072,s313,1
300072,s191,1
300072,s307,1
300072,s20,1
300072,s174,1
300072,s137,1
300072,s68,1
300072,s299,1
300072,s119,1
300072,s167,1
300072,s311,1
300072,s205,1
300072,s31,1
300072,s75,1
300072,s218,1
300072,s19,1
300072,s112,1
300072,s219,1
300072,s33,1
300072,s157,1
300072,s78,1
300072,s289,1
300072,s93,1
300072,s134,1
300072,s284,1
300072,s261,1
300072,s250,1
300072,s239,1
300072,s71,1
300072,s288,1
300072,s320,1
300072,s36,1
300072,s217,1
300072,s270,1
300072,s266,1
300072,s300,1
300072,s62,1
300072,s280,1
300072,s135,1
300072,s196,1
300072,s39,1
300072,s298,1
300072,s305,1
300072,s138,1
300072,s327,1
300072,s312,1
300072,s303,1
300072,s15,1
300072,s281,1
300072,s72,1
300072,s215,1
300072,s69,1
300072,s329,1
300072,s37,1
300072,s367,1
300072,s308,1
300072,s301,1
300072,s131,1
300072,s21,1
300072,s296,1
300072,s40,1
300072,s151,1
300072,s128,1
300072,s159,1
300072,s285,1
300072,s98,1
300072,s190,1
300072,s64,1
300072,s268,1
300072,s12,1
300072,s304,1
300072,s216,1
300072,s122,1
300072,s247,1
300072,s155,1
300072,s169,1
300072,s306,1
300072,s150,1
300072,s213,1
300072,s302,1
300072,s73,1
300072,s74,1
300072,s156,1
300072,s273,1
300072,s152,1
300072,s319,1
300072,s310,1
300072,s158,1
300072,s35,1
300072,s34,1
300079,s206,1
300079,s67,1
300079,s182,1
300079,s314,1
300079,s313,1
300079,s191,1
300079,s307,1
300079,s20,1
300079,s174,1
300079,s137,1
300079,s68,1
300079,s119,1
300079,s167,1
300079,s205,1
300079,s31,1
300079,s75,1
300079,s218,1
300079,s41,1
300079,s19,1
300079,s112,1
300079,s219,1
300079,s33,1
300079,s157,1
300079,s78,1
300079,s289,1
300079,s134,1
300079,s284,1
300079,s237,1
300079,s250,1
300079,s239,1
300079,s220,1
300079,s71,1
300079,s288,1
300079,s267,1
300079,s217,1
300079,s62,1
300079,s280,1
300079,s135,1
300079,s196,1
300079,s39,1
300079,s327,1
300079,s303,1
300079,s15,1
300079,s72,1
300079,s69,1
300079,s329,1
300079,s37,1
300079,s309,1
300079,s367,1
300079,s308,1
300079,s131,1
300079,s21,1
300079,s40,1
300079,s151,1
300079,s128,1
300079,s159,1
300079,s65,1
300079,s81,1
300079,s285,1
300079,s98,1
300079,s190,1
300079,s64,1
300079,s268,1
300079,s12,1
300079,s304,1
300079,s216,1
300079,s122,1
300079,s155,1
300079,s169,1
300079,s306,1
300079,s150,1
300079,s210,1
300079,s213,1
300079,s73,1
300079,s74,1
300079,s156,1
300079,s328,1
300079,s273,1
300079,s152,1
300079,s310,1
300079,s158,1
300079,s34,1
408597,s206,1
408597,s211,1
408597,s238,1
408597,s67,1
408597,s182,1
408597,s314,1
408597,s191,1
408597,s51,1
408597,s260,1
408597,s307,1
408597,s264,1
408597,s295,1
408597,s299,1
408597,s176,1
408597,s167,1
408597,s127,1
408597,s205,1
408597,s111,1
408597,s157,1
408597,s78,1
408597,s130,1
408597,s289,1
408597,s93,1
408597,s134,1
408597,s261,1
408597,s173,1
408597,s91,1
408597,s250,1
408597,s239,1
408597,s161,1
408597,s267,1
408597,s320,1
408597,s121,1
408597,s217,1
408597,s330,1
408597,s270,1
408597,s199,1
408597,s266,1
408597,s300,1
408597,s246,1
408597,s135,1
408597,s196,1
408597,s39,1
408597,s85,1
408597,s298,1
408597,s305,1
408597,s138,1
408597,s327,1
408597,s303,1
408597,s263,1
408597,s172,1
408597,s154,1
408597,s89,1
408597,s215,1
408597,s52,1
408597,s57,1
408597,s37,1
408597,s309,1
408597,s301,1
408597,s99,1
408597,s21,1
408597,s325,1
408597,s151,1
408597,s128,1
408597,s14,1
408597,s13,1
408597,s190,1
408597,s16,1
408597,s268,1
408597,s58,1
408597,s12,1
408597,s304,1
408597,s247,1
408597,s155,1
408597,s169,1
408597,s259,1
408597,s17,1
408597,s150,1
408597,s210,1
408597,s302,1
408597,s212,1
408597,s156,1
408597,s97,1
408597,s273,1
408597,s152,1
408597,s45,1
408597,s158,1
408597,s35,1
408970,s297,1
408970,s238,1
408970,s67,1
408970,s182,1
408970,s314,1
408970,s313,1
408970,s191,1
408970,s307,1
408970,s20,1
408970,s174,1
408970,s137,1
408970,s68,1
408970,s176,1
408970,s119,1
408970,s167,1
408970,s311,1
408970,s205,1
408970,s31,1
408970,s75,1
408970,s218,1
408970,s41,1
408970,s19,1
408970,s112,1
408970,s219,1
408970,s33,1
408970,s157,1
408970,s78,1
408970,s289,1
408970,s93,1
408970,s284,1
408970,s261,1
408970,s237,1
408970,s250,1
408970,s239,1
408970,s220,1
408970,s71,1
408970,s288,1
408970,s161,1
408970,s320,1
408970,s36,1
408970,s217,1
408970,s330,1
408970,s266,1
408970,s62,1
408970,s280,1
408970,s196,1
408970,s39,1
408970,s298,1
408970,s138,1
408970,s312,1
408970,s303,1
408970,s15,1
408970,s281,1
408970,s72,1
408970,s215,1
408970,s69,1
408970,s329,1
408970,s37,1
408970,s367,1
408970,s308,1
408970,s131,1
408970,s21,1
408970,s296,1
408970,s40,1
408970,s151,1
408970,s128,1
408970,s159,1
408970,s285,1
408970,s98,1
408970,s190,1
408970,s64,1
408970,s268,1
408970,s304,1
408970,s122,1
408970,s247,1
408970,s155,1
408970,s169,1
408970,s306,1
408970,s150,1
408970,s213,1
408970,s73,1
408970,s74,1
408970,s156,1
408970,s326,1
408970,s273,1
408970,s152,1
408970,s319,1
408970,s310,1
408970,s158,1
408970,s35,1
408970,s34,1
400565,s206,1
400565,s67,1
400565,s314,1
400565,s313,1
400565,s191,1
400565,s307,1
400565,s20,1
400565,s174,1
400565,s137,1
400565,s68,1
400565,s299,1
400565,s176,1
400565,s119,1
400565,s31,1
400565,s75,1
400565,s218,1
400565,s19,1
400565,s112,1
400565,s33,1
400565,s157,1
400565,s78,1
400565,s289,1
400565,s93,1
400565,s134,1
400565,s284,1
400565,s261,1
400565,s237,1
400565,s250,1
400565,s239,1
400565,s220,1
400565,s71,1
400565,s288,1
400565,s320,1
400565,s36,1
400565,s217,1
400565,s266,1
400565,s300,1
400565,s62,1
400565,s246,1
400565,s280,1
400565,s135,1
400565,s196,1
400565,s39,1
400565,s298,1
400565,s305,1
400565,s138,1
400565,s327,1
400565,s312,1
400565,s15,1
400565,s281,1
400565,s72,1
400565,s89,1
400565,s215,1
400565,s69,1
400565,s329,1
400565,s37,1
400565,s309,1
400565,s301,1
400565,s131,1
400565,s21,1
400565,s151,1
400565,s128,1
400565,s159,1
400565,s65,1
400565,s81,1
400565,s285,1
400565,s98,1
400565,s190,1
400565,s189,1
400565,s64,1
400565,s268,1
400565,s12,1
400565,s304,1
400565,s216,1
400565,s122,1
400565,s247,1
400565,s155,1
400565,s169,1
400565,s306,1
400565,s150,1
400565,s213,1
400565,s302,1
400565,s73,1
400565,s74,1
400565,s156,1
400565,s273,1
400565,s152,1
400565,s319,1
400565,s158,1
400565,s34,1
409456,s206,1
409456,s297,1
409456,s238,1
409456,s67,1
409456,s314,1
409456,s313,1
409456,s191,1
409456,s264,1
409456,s295,1
409456,s20,1
409456,s174,1
409456,s137,1
409456,s68,1
409456,s299,1
409456,s176,1
409456,s119,1
409456,s167,1
409456,s311,1
409456,s205,1
409456,s31,1
409456,s75,1
409456,s218,1
409456,s19,1
409456,s112,1
409456,s219,1
409456,s33,1
409456,s157,1
409456,s78,1
409456,s130,1
409456,s289,1
409456,s93,1
409456,s134,1
409456,s284,1
409456,s261,1
409456,s250,1
409456,s239,1
409456,s71,1
409456,s288,1
409456,s161,1
409456,s320,1
409456,s121,1
409456,s36,1
409456,s217,1
409456,s266,1
409456,s300,1
409456,s62,1
409456,s246,1
409456,s280,1
409456,s135,1
409456,s196,1
409456,s39,1
409456,s298,1
409456,s305,1
409456,s138,1
409456,s312,1
409456,s303,1
409456,s15,1
409456,s281,1
409456,s72,1
409456,s263,1
409456,s172,1
409456,s69,1
409456,s37,1
409456,s309,1
409456,s367,1
409456,s301,1
409456,s131,1
409456,s21,1
409456,s296,1
409456,s151,1
409456,s128,1
409456,s159,1
409456,s285,1
409456,s98,1
409456,s189,1
409456,s64,1
409456,s268,1
409456,s12,1
409456,s304,1
409456,s122,1
409456,s247,1
409456,s155,1
409456,s259,1
409456,s306,1
409456,s150,1
409456,s213,1
409456,s302,1
409456,s73,1
409456,s74,1
409456,s156,1
409456,s326,1
409456,s273,1
409456,s152,1
409456,s319,1
409456,s310,1
409456,s158,1
409456,s34,1
300086,s206,1
300086,s211,1
300086,s59,1
300086,s238,1
300086,s153,1
300086,s317,1
300086,s67,1
300086,s182,1
300086,s314,1
300086,s191,1
300086,s260,1
300086,s307,1
300086,s264,1
300086,s295,1
300086,s299,1
300086,s176,1
300086,s167,1
300086,s127,1
300086,s205,1
300086,s218,1
300086,s111,1
300086,s78,1
300086,s130,1
300086,s289,1
300086,s93,1
300086,s134,1
300086,s261,1
300086,s173,1
300086,s91,1
300086,s250,1
300086,s239,1
300086,s161,1
300086,s267,1
300086,s121,1
300086,s217,1
300086,s330,1
300086,s300,1
300086,s135,1
300086,s196,1
300086,s39,1
300086,s85,1
300086,s298,1
300086,s305,1
300086,s303,1
300086,s263,1
300086,s172,1
300086,s154,1
300086,s89,1
300086,s215,1
300086,s52,1
300086,s37,1
300086,s301,1
300086,s99,1
300086,s21,1
300086,s325,1
300086,s151,1
300086,s128,1
300086,s159,1
300086,s14,1
300086,s13,1
300086,s190,1
300086,s16,1
300086,s268,1
300086,s58,1
300086,s12,1
300086,s304,1
300086,s122,1
300086,s247,1
300086,s155,1
300086,s63,1
300086,s259,1
300086,s17,1
300086,s150,1
300086,s210,1
300086,s302,1
300086,s97,1
300086,s273,1
300086,s152,1
300086,s45,1
300086,s35,1
409923,s206,1
409923,s297,1
409923,s238,1
409923,s67,1
409923,s182,1
409923,s314,1
409923,s313,1
409923,s191,1
409923,s307,1
409923,s20,1
409923,s174,1
409923,s137,1
409923,s68,1
409923,s176,1
409923,s119,1
409923,s167,1
409923,s205,1
409923,s31,1
409923,s75,1
409923,s218,1
409923,s41,1
409923,s19,1
409923,s112,1
409923,s219,1
409923,s33,1
409923,s157,1
409923,s289,1
409923,s93,1
409923,s134,1
409923,s284,1
409923,s237,1
409923,s250,1
409923,s239,1
409923,s71,1
409923,s288,1
409923,s161,1
409923,s320,1
409923,s121,1
409923,s36,1
409923,s217,1
409923,s330,1
409923,s266,1
409923,s62,1
409923,s280,1
409923,s135,1
409923,s196,1
409923,s39,1
409923,s298,1
409923,s138,1
409923,s312,1
409923,s15,1
409923,s281,1
409923,s72,1
409923,s69,1
409923,s329,1
409923,s37,1
409923,s309,1
409923,s308,1
409923,s131,1
409923,s21,1
409923,s40,1
409923,s151,1
409923,s128,1
409923,s159,1
409923,s65,1
409923,s285,1
409923,s98,1
409923,s190,1
409923,s64,1
409923,s268,1
409923,s12,1
409923,s304,1
409923,s216,1
409923,s122,1
409923,s247,1
409923,s155,1
409923,s169,1
409923,s306,1
409923,s150,1
409923,s213,1
409923,s73,1
409923,s74,1
409923,s156,1
409923,s326,1
409923,s328,1
409923,s273,1
409923,s152,1
409923,s319,1
409923,s310,1
409923,s158,1
409923,s34,1
300092,s206,1
300092,s59,1
300092,s238,1
300092,s153,1
300092,s317,1
300092,s67,1
300092,s182,1
300092,s314,1
300092,s313,1
300092,s191,1
300092,s260,1
300092,s307,1
300092,s264,1
300092,s20,1
300092,s174,1
300092,s137,1
300092,s299,1
300092,s176,1
300092,s167,1
300092,s127,1
300092,s205,1
300092,s75,1
300092,s218,1
300092,s41,1
300092,s19,1
300092,s219,1
300092,s33,1
300092,s157,1
300092,s78,1
300092,s289,1
300092,s93,1
300092,s134,1
300092,s284,1
300092,s261,1
300092,s91,1
300092,s250,1
300092,s239,1
300092,s71,1
300092,s288,1
300092,s161,1
300092,s320,1
300092,s121,1
300092,s36,1
300092,s217,1
300092,s330,1
300092,s270,1
300092,s266,1
300092,s300,1
300092,s62,1
300092,s246,1
300092,s135,1
300092,s196,1
300092,s39,1
300092,s298,1
300092,s305,1
300092,s138,1
300092,s327,1
300092,s312,1
300092,s303,1
300092,s15,1
300092,s281,1
300092,s263,1
300092,s172,1
300092,s215,1
300092,s37,1
300092,s301,1
300092,s131,1
300092,s21,1
300092,s325,1
300092,s151,1
300092,s128,1
300092,s159,1
300092,s81,1
300092,s285,1
300092,s190,1
300092,s268,1
300092,s58,1
300092,s12,1
300092,s304,1
300092,s216,1
300092,s122,1
300092,s247,1
300092,s155,1
300092,s63,1
300092,s169,1
300092,s259,1
300092,s17,1
300092,s306,1
300092,s150,1
300092,s213,1
300092,s302,1
300092,s97,1
300092,s273,1
300092,s152,1
300092,s319,1
300092,s158,1
300092,s35,1
300092,s34,1
300157,s206,1
300157,s238,1
300157,s67,1
300157,s182,1
300157,s314,1
300157,s313,1
300157,s191,1
300157,s307,1
300157,s264,1
300157,s20,1
300157,s174,1
300157,s137,1
300157,s68,1
300157,s299,1
300157,s119,1
300157,s167,1
300157,s311,1
300157,s205,1
300157,s31,1
300157,s75,1
300157,s218,1
300157,s41,1
300157,s19,1
300157,s112,1
300157,s219,1
300157,s33,1
300157,s157,1
300157,s78,1
300157,s289,1
300157,s93,1
300157,s134,1
300157,s284,1
300157,s261,1
300157,s237,1
300157,s250,1
300157,s239,1
300157,s220,1
300157,s71,1
300157,s288,1
300157,s161,1
300157,s320,1
300157,s36,1
300157,s217,1
300157,s270,1
300157,s266,1
300157,s300,1
300157,s62,1
300157,s280,1
300157,s135,1
300157,s196,1
300157,s39,1
300157,s298,1
300157,s305,1
300157,s138,1
300157,s312,1
300157,s303,1
300157,s15,1
300157,s281,1
300157,s72,1
300157,s263,1
300157,s215,1
300157,s69,1
300157,s329,1
300157,s37,1
300157,s367,1
300157,s308,1
300157,s301,1
300157,s131,1
300157,s21,1
300157,s296,1
300157,s40,1
300157,s151,1
300157,s128,1
300157,s159,1
300157,s65,1
300157,s81,1
300157,s285,1
300157,s98,1
300157,s190,1
300157,s64,1
300157,s268,1
300157,s12,1
300157,s304,1
300157,s216,1
300157,s122,1
300157,s247,1
300157,s155,1
300157,s169,1
300157,s306,1
300157,s213,1
300157,s302,1
300157,s73,1
300157,s74,1
300157,s156,1
300157,s326,1
300157,s328,1
300157,s273,1
300157,s152,1
300157,s319,1
300157,s310,1
300157,s158,1
300157,s34,1
410936,s206,1
410936,s238,1
410936,s67,1
410936,s182,1
410936,s314,1
410936,s313,1
410936,s191,1
410936,s260,1
410936,s307,1
410936,s264,1
410936,s295,1
410936,s20,1
410936,s174,1
410936,s137,1
410936,s68,1
410936,s299,1
410936,s119,1
410936,s167,1
410936,s311,1
410936,s205,1
410936,s31,1
410936,s75,1
410936,s218,1
410936,s41,1
410936,s19,1
410936,s112,1
410936,s219,1
410936,s33,1
410936,s157,1
410936,s78,1
410936,s289,1
410936,s93,1
410936,s134,1
410936,s284,1
410936,s261,1
410936,s237,1
410936,s250,1
410936,s239,1
410936,s71,1
410936,s288,1
410936,s161,1
410936,s320,1
410936,s36,1
410936,s217,1
410936,s270,1
410936,s266,1
410936,s300,1
410936,s62,1
410936,s246,1
410936,s280,1
410936,s135,1
410936,s196,1
410936,s39,1
410936,s298,1
410936,s305,1
410936,s138,1
410936,s312,1
410936,s303,1
410936,s15,1
410936,s281,1
410936,s72,1
410936,s263,1
410936,s215,1
410936,s69,1
410936,s57,1
410936,s37,1
410936,s367,1
410936,s308,1
410936,s301,1
410936,s131,1
410936,s21,1
410936,s296,1
410936,s325,1
410936,s151,1
410936,s128,1
410936,s159,1
410936,s285,1
410936,s98,1
410936,s190,1
410936,s64,1
410936,s268,1
410936,s12,1
410936,s304,1
410936,s216,1
410936,s122,1
410936,s247,1
410936,s155,1
410936,s169,1
410936,s259,1
410936,s306,1
410936,s150,1
410936,s213,1
410936,s302,1
410936,s73,1
410936,s74,1
410936,s156,1
410936,s326,1
410936,s273,1
410936,s152,1
410936,s319,1
410936,s310,1
410936,s158,1
410936,s34,1
300099,s206,1
300099,s238,1
300099,s67,1
300099,s182,1
300099,s314,1
300099,s313,1
300099,s191,1
300099,s260,1
300099,s307,1
300099,s264,1
300099,s295,1
300099,s20,1
300099,s174,1
300099,s137,1
300099,s68,1
300099,s299,1
300099,s119,1
300099,s167,1
300099,s311,1
300099,s205,1
300099,s31,1
300099,s75,1
300099,s218,1
300099,s41,1
300099,s19,1
300099,s112,1
300099,s219,1
300099,s33,1
300099,s157,1
300099,s78,1
300099,s130,1
300099,s289,1
300099,s93,1
300099,s134,1
300099,s284,1
300099,s261,1
300099,s237,1
300099,s250,1
300099,s239,1
300099,s71,1
300099,s288,1
300099,s161,1
300099,s320,1
300099,s121,1
300099,s36,1
300099,s217,1
300099,s270,1
300099,s266,1
300099,s300,1
300099,s62,1
300099,s246,1
300099,s280,1
300099,s135,1
300099,s196,1
300099,s39,1
300099,s298,1
300099,s305,1
300099,s138,1
300099,s312,1
300099,s303,1
300099,s15,1
300099,s281,1
300099,s72,1
300099,s263,1
300099,s215,1
300099,s69,1
300099,s37,1
300099,s309,1
300099,s367,1
300099,s308,1
300099,s301,1
300099,s131,1
300099,s21,1
300099,s151,1
300099,s128,1
300099,s159,1
300099,s285,1
300099,s98,1
300099,s190,1
300099,s64,1
300099,s268,1
300099,s12,1
300099,s304,1
300099,s122,1
300099,s247,1
300099,s155,1
300099,s259,1
300099,s306,1
300099,s150,1
300099,s213,1
300099,s302,1
300099,s73,1
300099,s74,1
300099,s156,1
300099,s326,1
300099,s273,1
300099,s152,1
300099,s319,1
300099,s310,1
300099,s158,1
300099,s34,1
402990,s206,1
402990,s211,1
402990,s59,1
402990,s238,1
402990,s153,1
402990,s317,1
402990,s67,1
402990,s182,1
402990,s314,1
402990,s260,1
402990,s307,1
402990,s264,1
402990,s295,1
402990,s137,1
402990,s176,1
402990,s167,1
402990,s311,1
402990,s127,1
402990,s205,1
402990,s218,1
402990,s41,1
402990,s78,1
402990,s130,1
402990,s289,1
402990,s93,1
402990,s134,1
402990,s284,1
402990,s261,1
402990,s173,1
402990,s91,1
402990,s250,1
402990,s239,1
402990,s71,1
402990,s161,1
402990,s267,1
402990,s320,1
402990,s121,1
402990,s217,1
402990,s330,1
402990,s266,1
402990,s246,1
402990,s135,1
402990,s196,1
402990,s39,1
402990,s85,1
402990,s298,1
402990,s327,1
402990,s303,1
402990,s263,1
402990,s172,1
402990,s154,1
402990,s89,1
402990,s215,1
402990,s52,1
402990,s37,1
402990,s308,1
402990,s301,1
402990,s99,1
402990,s21,1
402990,s325,1
402990,s151,1
402990,s128,1
402990,s159,1
402990,s14,1
402990,s13,1
402990,s190,1
402990,s16,1
402990,s268,1
402990,s58,1
402990,s12,1
402990,s304,1
402990,s247,1
402990,s155,1
402990,s259,1
402990,s17,1
402990,s150,1
402990,s210,1
402990,s302,1
402990,s97,1
402990,s273,1
402990,s152,1
402990,s45,1
402990,s319,1
402990,s310,1
402990,s35,1
403483,s206,1
403483,s211,1
403483,s238,1
403483,s153,1
403483,s317,1
403483,s67,1
403483,s182,1
403483,s314,1
403483,s307,1
403483,s295,1
403483,s137,1
403483,s176,1
403483,s119,1
403483,s167,1
403483,s205,1
403483,s31,1
403483,s75,1
403483,s218,1
403483,s112,1
403483,s219,1
403483,s111,1
403483,s157,1
403483,s78,1
403483,s130,1
403483,s289,1
403483,s93,1
403483,s134,1
403483,s284,1
403483,s173,1
403483,s91,1
403483,s250,1
403483,s239,1
403483,s288,1
403483,s161,1
403483,s267,1
403483,s121,1
403483,s217,1
403483,s330,1
403483,s270,1
403483,s300,1
403483,s246,1
403483,s135,1
403483,s196,1
403483,s39,1
403483,s85,1
403483,s298,1
403483,s305,1
403483,s327,1
403483,s303,1
403483,s172,1
403483,s215,1
403483,s57,1
403483,s37,1
403483,s301,1
403483,s21,1
403483,s296,1
403483,s325,1
403483,s151,1
403483,s128,1
403483,s159,1
403483,s14,1
403483,s13,1
403483,s285,1
403483,s190,1
403483,s16,1
403483,s268,1
403483,s58,1
403483,s12,1
403483,s304,1
403483,s122,1
403483,s247,1
403483,s155,1
403483,s63,1
403483,s169,1
403483,s17,1
403483,s306,1
403483,s150,1
403483,s210,1
403483,s213,1
403483,s302,1
403483,s156,1
403483,s97,1
403483,s273,1
403483,s152,1
403483,s158,1
403483,s35,1
300059,s206,1
300059,s211,1
300059,s59,1
300059,s238,1
300059,s153,1
300059,s67,1
300059,s182,1
300059,s314,1
300059,s260,1
300059,s307,1
300059,s264,1
300059,s295,1
300059,s299,1
300059,s176,1
300059,s167,1
300059,s127,1
300059,s205,1
300059,s218,1
300059,s219,1
300059,s157,1
300059,s78,1
300059,s130,1
300059,s289,1
300059,s134,1
300059,s261,1
300059,s173,1
300059,s91,1
300059,s250,1
300059,s239,1
300059,s161,1
300059,s267,1
300059,s121,1
300059,s217,1
300059,s330,1
300059,s300,1
300059,s246,1
300059,s135,1
300059,s196,1
300059,s39,1
300059,s85,1
300059,s298,1
300059,s305,1
300059,s138,1
300059,s327,1
300059,s303,1
300059,s263,1
300059,s172,1
300059,s154,1
300059,s89,1
300059,s215,1
300059,s52,1
300059,s37,1
300059,s308,1
300059,s301,1
300059,s99,1
300059,s21,1
300059,s325,1
300059,s151,1
300059,s128,1
300059,s159,1
300059,s14,1
300059,s13,1
300059,s285,1
300059,s190,1
300059,s16,1
300059,s268,1
300059,s58,1
300059,s12,1
300059,s304,1
300059,s247,1
300059,s155,1
300059,s169,1
300059,s259,1
300059,s17,1
300059,s150,1
300059,s210,1
300059,s213,1
300059,s302,1
300059,s212,1
300059,s156,1
300059,s97,1
300059,s273,1
300059,s152,1
300059,s45,1
300059,s310,1
300059,s158,1
300059,s35,1
300150,s206,1
300150,s59,1
300150,s238,1
300150,s67,1
300150,s182,1
300150,s314,1
300150,s313,1
300150,s191,1
300150,s260,1
300150,s264,1
300150,s295,1
300150,s20,1
300150,s174,1
300150,s137,1
300150,s68,1
300150,s299,1
300150,s119,1
300150,s167,1
300150,s311,1
300150,s205,1
300150,s31,1
300150,s75,1
300150,s218,1
300150,s19,1
300150,s112,1
300150,s219,1
300150,s33,1
300150,s157,1
300150,s78,1
300150,s289,1
300150,s93,1
300150,s134,1
300150,s284,1
300150,s261,1
300150,s250,1
300150,s239,1
300150,s220,1
300150,s71,1
300150,s288,1
300150,s320,1
300150,s36,1
300150,s217,1
300150,s270,1
300150,s266,1
300150,s300,1
300150,s62,1
300150,s280,1
300150,s135,1
300150,s196,1
300150,s39,1
300150,s298,1
300150,s138,1
300150,s327,1
300150,s312,1
300150,s15,1
300150,s281,1
300150,s72,1
300150,s263,1
300150,s215,1
300150,s69,1
300150,s37,1
300150,s309,1
300150,s367,1
300150,s308,1
300150,s301,1
300150,s131,1
300150,s21,1
300150,s40,1
300150,s151,1
300150,s128,1
300150,s159,1
300150,s81,1
300150,s285,1
300150,s190,1
300150,s64,1
300150,s268,1
300150,s12,1
300150,s304,1
300150,s122,1
300150,s247,1
300150,s155,1
300150,s169,1
300150,s259,1
300150,s17,1
300150,s150,1
300150,s213,1
300150,s302,1
300150,s73,1
300150,s74,1
300150,s156,1
300150,s326,1
300150,s97,1
300150,s273,1
300150,s152,1
300150,s319,1
300150,s310,1
300150,s158,1
300150,s34,1
