400567,h206
400567,h163
400567,h212
400567,h116
400567,h231
400567,h52
400567,h438
400567,h114
400567,h299
400567,h486
400567,h110
400567,h94
400567,h415
400567,h291
400567,h79
400567,h261
400567,h20
400567,h478
400567,h115
400567,h26
400567,h418
400567,h97
400567,h369
400567,h245
400567,h268
400567,h288
400567,h301
400567,h49
400567,h117
400567,h334
400567,h390
400567,h211
400567,h287
400567,h407
400567,h411
400567,h236
400567,h80
400567,h246
400567,h124
400567,h413
400567,h244
400567,h368
400567,h373
400567,h306
400567,h476
400567,h266
400567,h378
400567,h123
400567,h292
400567,h233
400567,h392
400567,h24
400567,h328
400567,h243
400567,h303
400567,h113
400567,h186
400567,h267
400567,h29
400567,h370
400567,h480
400567,h330
400567,h22
400567,h25
400567,h241
400567,h23
400567,h286
400567,h125
400567,h126
400567,h406
400567,h477
400567,h248
400567,h270
400567,h83
400567,h285
400567,h77
400567,h228
400567,h185
400567,h416
401203,h206
401203,h163
401203,h290
401203,h212
401203,h116
401203,h475
401203,h231
401203,h114
401203,h299
401203,h441
401203,h486
401203,h110
401203,h94
401203,h470
401203,h82
401203,h234
401203,h415
401203,h79
401203,h261
401203,h478
401203,h115
401203,h418
401203,h97
401203,h369
401203,h245
401203,h268
401203,h301
401203,h49
401203,h117
401203,h334
401203,h390
401203,h211
401203,h287
401203,h236
401203,h80
401203,h246
401203,h124
401203,h413
401203,h244
401203,h210
401203,h227
401203,h368
401203,h306
401203,h476
401203,h266
401203,h378
401203,h123
401203,h292
401203,h233
401203,h24
401203,h328
401203,h243
401203,h113
401203,h186
401203,h267
401203,h370
401203,h480
401203,h330
401203,h168
401203,h22
401203,h332
401203,h25
401203,h391
401203,h241
401203,h23
401203,h302
401203,h342
401203,h374
401203,h252
401203,h126
401203,h300
401203,h111
401203,h270
401203,h121
401203,h28
401203,h187
401203,h109
401203,h285
401203,h77
401203,h55
401203,h471
401203,h21
400023,h206
400023,h290
400023,h212
400023,h116
400023,h475
400023,h231
400023,h52
400023,h438
400023,h114
400023,h299
400023,h441
400023,h486
400023,h110
400023,h94
400023,h470
400023,h489
400023,h234
400023,h415
400023,h291
400023,h79
400023,h261
400023,h478
400023,h115
400023,h26
400023,h418
400023,h97
400023,h369
400023,h245
400023,h268
400023,h288
400023,h301
400023,h49
400023,h117
400023,h334
400023,h390
400023,h211
400023,h287
400023,h407
400023,h236
400023,h80
400023,h246
400023,h124
400023,h413
400023,h244
400023,h210
400023,h227
400023,h373
400023,h306
400023,h476
400023,h266
400023,h378
400023,h123
400023,h292
400023,h233
400023,h392
400023,h328
400023,h243
400023,h113
400023,h186
400023,h267
400023,h370
400023,h480
400023,h22
400023,h412
400023,h25
400023,h23
400023,h302
400023,h247
400023,h342
400023,h395
400023,h374
400023,h304
400023,h112
400023,h126
400023,h162
400023,h469
400023,h481
400023,h406
400023,h164
400023,h165
400023,h300
400023,h111
400023,h213
400023,h77
400023,h55
400023,h184
400023,h204
400035,h206
400035,h163
400035,h290
400035,h212
400035,h116
400035,h475
400035,h231
400035,h438
400035,h299
400035,h441
400035,h486
400035,h110
400035,h94
400035,h470
400035,h82
400035,h234
400035,h415
400035,h291
400035,h79
400035,h261
400035,h20
400035,h478
400035,h115
400035,h26
400035,h418
400035,h97
400035,h369
400035,h245
400035,h268
400035,h288
400035,h301
400035,h49
400035,h334
400035,h389
400035,h390
400035,h211
400035,h287
400035,h236
400035,h80
400035,h246
400035,h124
400035,h413
400035,h244
400035,h210
400035,h476
400035,h266
400035,h378
400035,h123
400035,h292
400035,h233
400035,h392
400035,h24
400035,h328
400035,h243
400035,h303
400035,h113
400035,h267
400035,h29
400035,h370
400035,h480
400035,h330
400035,h168
400035,h22
400035,h412
400035,h332
400035,h25
400035,h391
400035,h443
400035,h241
400035,h23
400035,h247
400035,h342
400035,h125
400035,h374
400035,h252
400035,h112
400035,h469
400035,h481
400035,h406
400035,h164
400035,h442
400035,h289
400035,h81
400035,h111
400035,h213
400035,h75
400035,h83
400035,h333
400035,h396
400035,h285
400035,h254
400035,h55
400035,h471
400035,h228
400035,h386
400035,h181
400035,h341
401847,h206
401847,h163
401847,h290
401847,h212
401847,h116
401847,h475
401847,h231
401847,h52
401847,h438
401847,h114
401847,h299
401847,h441
401847,h486
401847,h110
401847,h94
401847,h489
401847,h82
401847,h234
401847,h415
401847,h79
401847,h261
401847,h478
401847,h115
401847,h26
401847,h418
401847,h97
401847,h369
401847,h245
401847,h268
401847,h288
401847,h301
401847,h49
401847,h117
401847,h334
401847,h390
401847,h211
401847,h287
401847,h407
401847,h411
401847,h236
401847,h80
401847,h246
401847,h124
401847,h413
401847,h244
401847,h227
401847,h368
401847,h373
401847,h306
401847,h476
401847,h123
401847,h292
401847,h233
401847,h24
401847,h328
401847,h243
401847,h303
401847,h113
401847,h186
401847,h267
401847,h370
401847,h480
401847,h330
401847,h168
401847,h22
401847,h331
401847,h412
401847,h25
401847,h443
401847,h241
401847,h286
401847,h247
401847,h342
401847,h395
401847,h125
401847,h252
401847,h112
401847,h126
401847,h343
401847,h162
401847,h242
401847,h481
401847,h406
401847,h442
401847,h81
401847,h300
401847,h213
401847,h83
401847,h187
401847,h253
401847,h387
401847,h471
401847,h264
401847,h180
401847,h416
401847,h417
401847,h181
402235,h206
402235,h163
402235,h290
402235,h212
402235,h116
402235,h475
402235,h231
402235,h52
402235,h438
402235,h114
402235,h299
402235,h486
402235,h110
402235,h94
402235,h470
402235,h489
402235,h234
402235,h415
402235,h79
402235,h20
402235,h478
402235,h115
402235,h26
402235,h418
402235,h97
402235,h369
402235,h245
402235,h268
402235,h288
402235,h301
402235,h49
402235,h117
402235,h334
402235,h390
402235,h211
402235,h287
402235,h407
402235,h236
402235,h80
402235,h246
402235,h124
402235,h413
402235,h244
402235,h210
402235,h476
402235,h266
402235,h378
402235,h123
402235,h292
402235,h233
402235,h24
402235,h328
402235,h303
402235,h113
402235,h267
402235,h29
402235,h370
402235,h480
402235,h330
402235,h168
402235,h22
402235,h331
402235,h412
402235,h332
402235,h25
402235,h391
402235,h443
402235,h241
402235,h23
402235,h302
402235,h247
402235,h342
402235,h125
402235,h374
402235,h252
402235,h126
402235,h469
402235,h242
402235,h481
402235,h406
402235,h164
402235,h289
402235,h248
402235,h111
402235,h270
402235,h50
402235,h387
402235,h377
402235,h471
402235,h488
402657,h206
402657,h163
402657,h290
402657,h212
402657,h116
402657,h475
402657,h231
402657,h52
402657,h438
402657,h299
402657,h486
402657,h110
402657,h94
402657,h82
402657,h234
402657,h415
402657,h291
402657,h79
402657,h261
402657,h20
402657,h478
402657,h115
402657,h26
402657,h418
402657,h369
402657,h245
402657,h268
402657,h288
402657,h301
402657,h49
402657,h117
402657,h334
402657,h389
402657,h390
402657,h211
402657,h287
402657,h407
402657,h236
402657,h80
402657,h246
402657,h124
402657,h413
402657,h244
402657,h227
402657,h368
402657,h306
402657,h476
402657,h266
402657,h123
402657,h292
402657,h233
402657,h392
402657,h24
402657,h328
402657,h243
402657,h113
402657,h267
402657,h29
402657,h370
402657,h480
402657,h330
402657,h168
402657,h22
402657,h331
402657,h412
402657,h332
402657,h25
402657,h391
402657,h443
402657,h302
402657,h342
402657,h125
402657,h374
402657,h304
402657,h112
402657,h343
402657,h469
402657,h481
402657,h165
402657,h289
402657,h75
402657,h121
402657,h265
402657,h78
402657,h387
402657,h254
402657,h258
402657,h408
402657,h185
402657,h264
402675,h163
402675,h212
402675,h116
402675,h231
402675,h52
402675,h114
402675,h299
402675,h486
402675,h110
402675,h94
402675,h470
402675,h489
402675,h234
402675,h415
402675,h291
402675,h79
402675,h261
402675,h20
402675,h478
402675,h115
402675,h26
402675,h418
402675,h97
402675,h369
402675,h245
402675,h268
402675,h288
402675,h301
402675,h117
402675,h334
402675,h390
402675,h211
402675,h287
402675,h407
402675,h236
402675,h80
402675,h246
402675,h124
402675,h413
402675,h244
402675,h210
402675,h227
402675,h368
402675,h373
402675,h306
402675,h476
402675,h266
402675,h378
402675,h292
402675,h233
402675,h392
402675,h24
402675,h328
402675,h113
402675,h267
402675,h29
402675,h370
402675,h480
402675,h330
402675,h22
402675,h331
402675,h332
402675,h25
402675,h443
402675,h241
402675,h23
402675,h286
402675,h247
402675,h125
402675,h252
402675,h112
402675,h126
402675,h343
402675,h162
402675,h242
402675,h406
402675,h289
402675,h187
402675,h50
402675,h78
402675,h396
402675,h285
402675,h258
402675,h471
402675,h228
402675,h393
402675,h264
402675,h259
402833,h206
402833,h163
402833,h290
402833,h212
402833,h116
402833,h475
402833,h231
402833,h52
402833,h438
402833,h114
402833,h299
402833,h441
402833,h486
402833,h110
402833,h94
402833,h82
402833,h234
402833,h415
402833,h291
402833,h79
402833,h20
402833,h478
402833,h115
402833,h26
402833,h418
402833,h97
402833,h369
402833,h245
402833,h268
402833,h288
402833,h301
402833,h117
402833,h334
402833,h390
402833,h211
402833,h287
402833,h407
402833,h236
402833,h80
402833,h246
402833,h124
402833,h413
402833,h244
402833,h210
402833,h227
402833,h373
402833,h306
402833,h476
402833,h266
402833,h378
402833,h123
402833,h292
402833,h233
402833,h24
402833,h328
402833,h243
402833,h113
402833,h186
402833,h267
402833,h29
402833,h370
402833,h480
402833,h330
402833,h168
402833,h22
402833,h331
402833,h412
402833,h332
402833,h25
402833,h443
402833,h241
402833,h23
402833,h286
402833,h302
402833,h342
402833,h395
402833,h125
402833,h374
402833,h304
402833,h252
402833,h112
402833,h126
402833,h242
402833,h481
402833,h406
402833,h477
402833,h289
402833,h81
402833,h300
402833,h235
402833,h213
402833,h270
402833,h121
402833,h28
402833,h83
402833,h187
402833,h109
402833,h285
402833,h377
402833,h77
402833,h228
402833,h408
402833,h417
402833,h203
402833,h298
402833,h329
402926,h206
402926,h163
402926,h212
402926,h116
402926,h475
402926,h231
402926,h52
402926,h438
402926,h114
402926,h299
402926,h441
402926,h486
402926,h110
402926,h94
402926,h489
402926,h82
402926,h234
402926,h415
402926,h291
402926,h79
402926,h261
402926,h20
402926,h478
402926,h115
402926,h26
402926,h418
402926,h97
402926,h245
402926,h268
402926,h288
402926,h301
402926,h49
402926,h117
402926,h334
402926,h389
402926,h390
402926,h287
402926,h407
402926,h411
402926,h80
402926,h246
402926,h124
402926,h413
402926,h244
402926,h210
402926,h227
402926,h368
402926,h306
402926,h476
402926,h266
402926,h378
402926,h123
402926,h292
402926,h233
402926,h24
402926,h328
402926,h243
402926,h303
402926,h113
402926,h186
402926,h267
402926,h370
402926,h480
402926,h330
402926,h168
402926,h22
402926,h331
402926,h412
402926,h25
402926,h391
402926,h241
402926,h23
402926,h286
402926,h342
402926,h125
402926,h304
402926,h252
402926,h112
402926,h126
402926,h343
402926,h162
402926,h481
402926,h164
402926,h289
402926,h81
402926,h440
402926,h111
402926,h213
402926,h379
402926,h83
402926,h253
402926,h109
402926,h387
402926,h285
402926,h377
402926,h55
402926,h228
402926,h386
402926,h181
300033,h206
300033,h163
300033,h290
300033,h212
300033,h116
300033,h475
300033,h231
300033,h52
300033,h299
300033,h441
300033,h486
300033,h110
300033,h94
300033,h470
300033,h489
300033,h82
300033,h234
300033,h291
300033,h261
300033,h20
300033,h478
300033,h26
300033,h418
300033,h97
300033,h369
300033,h245
300033,h268
300033,h288
300033,h301
300033,h49
300033,h117
300033,h334
300033,h389
300033,h390
300033,h211
300033,h287
300033,h236
300033,h80
300033,h246
300033,h124
300033,h413
300033,h244
300033,h210
300033,h227
300033,h306
300033,h476
300033,h266
300033,h378
300033,h292
300033,h233
300033,h328
300033,h243
300033,h303
300033,h113
300033,h186
300033,h267
300033,h29
300033,h480
300033,h330
300033,h22
300033,h331
300033,h412
300033,h25
300033,h391
300033,h241
300033,h286
300033,h302
300033,h125
300033,h374
300033,h304
300033,h252
300033,h112
300033,h126
300033,h469
300033,h406
300033,h477
300033,h442
300033,h289
300033,h379
300033,h83
300033,h187
300033,h77
300033,h471
300033,h386
300033,h298
400115,h206
400115,h163
400115,h290
400115,h212
400115,h116
400115,h475
400115,h231
400115,h52
400115,h438
400115,h114
400115,h299
400115,h486
400115,h110
400115,h94
400115,h470
400115,h82
400115,h234
400115,h415
400115,h291
400115,h79
400115,h261
400115,h20
400115,h478
400115,h115
400115,h26
400115,h418
400115,h369
400115,h245
400115,h268
400115,h288
400115,h301
400115,h49
400115,h117
400115,h334
400115,h389
400115,h390
400115,h211
400115,h287
400115,h246
400115,h124
400115,h413
400115,h244
400115,h227
400115,h368
400115,h306
400115,h476
400115,h266
400115,h378
400115,h123
400115,h292
400115,h233
400115,h24
400115,h328
400115,h113
400115,h186
400115,h267
400115,h29
400115,h480
400115,h168
400115,h412
400115,h25
400115,h443
400115,h286
400115,h125
400115,h304
400115,h252
400115,h112
400115,h126
400115,h481
400115,h406
400115,h164
400115,h442
400115,h289
400115,h300
400115,h265
404765,h206
404765,h163
404765,h290
404765,h212
404765,h116
404765,h231
404765,h438
404765,h114
404765,h486
404765,h110
404765,h94
404765,h489
404765,h82
404765,h234
404765,h415
404765,h291
404765,h79
404765,h261
404765,h20
404765,h478
404765,h115
404765,h418
404765,h97
404765,h369
404765,h245
404765,h268
404765,h288
404765,h301
404765,h117
404765,h334
404765,h390
404765,h211
404765,h287
404765,h407
404765,h80
404765,h246
404765,h124
404765,h413
404765,h244
404765,h227
404765,h368
404765,h373
404765,h306
404765,h476
404765,h266
404765,h378
404765,h123
404765,h292
404765,h233
404765,h392
404765,h24
404765,h328
404765,h243
404765,h113
404765,h267
404765,h29
404765,h370
404765,h480
404765,h168
404765,h22
404765,h331
404765,h332
404765,h25
404765,h443
404765,h286
404765,h342
404765,h395
404765,h125
404765,h374
404765,h252
404765,h112
404765,h126
404765,h469
404765,h481
404765,h442
404765,h289
404765,h111
404765,h109
404765,h50
404765,h285
404765,h77
404765,h471
404765,h228
404765,h386
404765,h417
404869,h206
404869,h163
404869,h290
404869,h212
404869,h116
404869,h231
404869,h52
404869,h299
404869,h441
404869,h486
404869,h110
404869,h94
404869,h82
404869,h234
404869,h415
404869,h291
404869,h79
404869,h261
404869,h20
404869,h478
404869,h115
404869,h26
404869,h418
404869,h97
404869,h245
404869,h268
404869,h288
404869,h301
404869,h49
404869,h117
404869,h334
404869,h390
404869,h211
404869,h407
404869,h236
404869,h80
404869,h246
404869,h124
404869,h413
404869,h244
404869,h210
404869,h227
404869,h373
404869,h306
404869,h476
404869,h266
404869,h378
404869,h123
404869,h292
404869,h233
404869,h392
404869,h24
404869,h328
404869,h303
404869,h113
404869,h267
404869,h29
404869,h370
404869,h480
404869,h330
404869,h168
404869,h22
404869,h331
404869,h412
404869,h332
404869,h25
404869,h391
404869,h443
404869,h241
404869,h286
404869,h342
404869,h125
404869,h374
404869,h252
404869,h112
404869,h126
404869,h343
404869,h481
404869,h406
404869,h442
404869,h289
404869,h81
404869,h111
404869,h235
404869,h270
404869,h121
404869,h28
404869,h83
404869,h187
404869,h109
404869,h387
404869,h285
404869,h386
404869,h416
405175,h206
405175,h163
405175,h212
405175,h116
405175,h475
405175,h231
405175,h52
405175,h438
405175,h114
405175,h299
405175,h486
405175,h110
405175,h470
405175,h489
405175,h82
405175,h234
405175,h79
405175,h261
405175,h20
405175,h478
405175,h115
405175,h26
405175,h97
405175,h245
405175,h268
405175,h288
405175,h117
405175,h334
405175,h390
405175,h211
405175,h287
405175,h407
405175,h236
405175,h80
405175,h246
405175,h413
405175,h244
405175,h210
405175,h227
405175,h306
405175,h476
405175,h266
405175,h378
405175,h123
405175,h292
405175,h233
405175,h24
405175,h328
405175,h243
405175,h113
405175,h186
405175,h267
405175,h29
405175,h370
405175,h480
405175,h22
405175,h332
405175,h25
405175,h443
405175,h241
405175,h23
405175,h286
405175,h302
405175,h125
405175,h252
405175,h126
405175,h481
405175,h164
405175,h442
405175,h379
405175,h396
405175,h471
405175,h205
405448,h206
405448,h163
405448,h212
405448,h116
405448,h475
405448,h231
405448,h52
405448,h114
405448,h299
405448,h441
405448,h486
405448,h110
405448,h94
405448,h470
405448,h489
405448,h82
405448,h234
405448,h415
405448,h79
405448,h20
405448,h478
405448,h115
405448,h26
405448,h418
405448,h97
405448,h369
405448,h245
405448,h288
405448,h301
405448,h49
405448,h117
405448,h390
405448,h211
405448,h287
405448,h407
405448,h411
405448,h236
405448,h80
405448,h246
405448,h244
405448,h210
405448,h227
405448,h368
405448,h373
405448,h306
405448,h476
405448,h266
405448,h378
405448,h123
405448,h292
405448,h233
405448,h392
405448,h24
405448,h328
405448,h243
405448,h303
405448,h113
405448,h186
405448,h267
405448,h29
405448,h370
405448,h480
405448,h168
405448,h22
405448,h331
405448,h332
405448,h25
405448,h241
405448,h23
405448,h395
405448,h125
405448,h374
405448,h304
405448,h252
405448,h112
405448,h126
405448,h481
405448,h409
405448,h442
405448,h300
405448,h213
405448,h187
405448,h254
405448,h471
405448,h180
405448,h490
400192,h206
400192,h163
400192,h212
400192,h116
400192,h475
400192,h231
400192,h52
400192,h114
400192,h299
400192,h486
400192,h110
400192,h94
400192,h489
400192,h82
400192,h415
400192,h291
400192,h261
400192,h20
400192,h478
400192,h115
400192,h26
400192,h418
400192,h97
400192,h245
400192,h268
400192,h288
400192,h301
400192,h49
400192,h117
400192,h334
400192,h211
400192,h287
400192,h236
400192,h80
400192,h246
400192,h124
400192,h413
400192,h244
400192,h227
400192,h368
400192,h373
400192,h306
400192,h476
400192,h378
400192,h123
400192,h292
400192,h233
400192,h24
400192,h328
400192,h243
400192,h303
400192,h113
400192,h186
400192,h267
400192,h29
400192,h370
400192,h480
400192,h330
400192,h168
400192,h22
400192,h331
400192,h412
400192,h332
400192,h25
400192,h443
400192,h241
400192,h23
400192,h286
400192,h247
400192,h342
400192,h395
400192,h252
400192,h112
400192,h469
400192,h242
400192,h481
400192,h406
400192,h409
400192,h442
400192,h248
400192,h111
400192,h28
400192,h379
400192,h50
400192,h285
400192,h254
400192,h416
400192,h181
400192,h250
400192,h341
400590,h206
400590,h163
400590,h290
400590,h212
400590,h116
400590,h475
400590,h52
400590,h438
400590,h299
400590,h486
400590,h110
400590,h94
400590,h470
400590,h489
400590,h82
400590,h234
400590,h415
400590,h79
400590,h261
400590,h20
400590,h478
400590,h115
400590,h418
400590,h97
400590,h245
400590,h268
400590,h288
400590,h301
400590,h49
400590,h117
400590,h389
400590,h390
400590,h211
400590,h287
400590,h407
400590,h236
400590,h246
400590,h124
400590,h413
400590,h244
400590,h210
400590,h227
400590,h368
400590,h306
400590,h476
400590,h266
400590,h123
400590,h292
400590,h233
400590,h24
400590,h328
400590,h303
400590,h113
400590,h267
400590,h29
400590,h370
400590,h480
400590,h330
400590,h168
400590,h22
400590,h331
400590,h412
400590,h332
400590,h25
400590,h241
400590,h125
400590,h374
400590,h304
400590,h112
400590,h126
400590,h343
400590,h481
400590,h256
400590,h442
400590,h289
400590,h111
400590,h235
400590,h28
400590,h83
400590,h109
400590,h285
400590,h258
400590,h55
400590,h471
400590,h185
400590,h386
400590,h416
406476,h206
406476,h163
406476,h212
406476,h116
406476,h475
406476,h231
406476,h52
406476,h438
406476,h299
406476,h486
406476,h110
406476,h94
406476,h489
406476,h82
406476,h234
406476,h415
406476,h291
406476,h79
406476,h261
406476,h20
406476,h478
406476,h115
406476,h26
406476,h418
406476,h97
406476,h369
406476,h245
406476,h268
406476,h288
406476,h301
406476,h49
406476,h117
406476,h334
406476,h389
406476,h390
406476,h211
406476,h287
406476,h407
406476,h80
406476,h246
406476,h124
406476,h413
406476,h244
406476,h210
406476,h227
406476,h368
406476,h306
406476,h476
406476,h266
406476,h378
406476,h123
406476,h292
406476,h24
406476,h328
406476,h243
406476,h303
406476,h113
406476,h267
406476,h480
406476,h330
406476,h168
406476,h331
406476,h412
406476,h25
406476,h391
406476,h23
406476,h286
406476,h247
406476,h342
406476,h395
406476,h112
406476,h126
406476,h242
406476,h481
406476,h406
406476,h165
406476,h442
406476,h289
406476,h75
406476,h396
406476,h285
406476,h254
406476,h55
406476,h386
406476,h488
406476,h417
406530,h206
406530,h163
406530,h290
406530,h212
406530,h116
406530,h231
406530,h52
406530,h438
406530,h114
406530,h486
406530,h110
406530,h94
406530,h470
406530,h489
406530,h234
406530,h415
406530,h291
406530,h79
406530,h20
406530,h478
406530,h115
406530,h97
406530,h369
406530,h245
406530,h268
406530,h288
406530,h301
406530,h49
406530,h117
406530,h334
406530,h389
406530,h390
406530,h211
406530,h287
406530,h407
406530,h236
406530,h80
406530,h246
406530,h124
406530,h413
406530,h244
406530,h210
406530,h227
406530,h368
406530,h373
406530,h306
406530,h476
406530,h266
406530,h123
406530,h292
406530,h233
406530,h24
406530,h328
406530,h243
406530,h303
406530,h113
406530,h267
406530,h29
406530,h480
406530,h330
406530,h168
406530,h22
406530,h331
406530,h332
406530,h25
406530,h443
406530,h23
406530,h286
406530,h247
406530,h342
406530,h374
406530,h304
406530,h252
406530,h126
406530,h469
406530,h481
406530,h256
406530,h406
406530,h289
406530,h81
406530,h121
406530,h379
406530,h187
406530,h253
406530,h50
406530,h387
406530,h180
406790,h206
406790,h163
406790,h290
406790,h116
406790,h475
406790,h231
406790,h52
406790,h438
406790,h114
406790,h299
406790,h441
406790,h486
406790,h110
406790,h94
406790,h489
406790,h82
406790,h234
406790,h291
406790,h79
406790,h261
406790,h20
406790,h478
406790,h115
406790,h26
406790,h418
406790,h97
406790,h369
406790,h268
406790,h301
406790,h49
406790,h117
406790,h334
406790,h389
406790,h390
406790,h211
406790,h287
406790,h407
406790,h80
406790,h246
406790,h124
406790,h413
406790,h244
406790,h210
406790,h368
406790,h373
406790,h306
406790,h476
406790,h266
406790,h378
406790,h123
406790,h292
406790,h233
406790,h24
406790,h328
406790,h243
406790,h303
406790,h113
406790,h267
406790,h29
406790,h370
406790,h480
406790,h330
406790,h168
406790,h22
406790,h331
406790,h412
406790,h332
406790,h25
406790,h391
406790,h443
406790,h241
406790,h23
406790,h286
406790,h247
406790,h125
406790,h374
406790,h304
406790,h252
406790,h112
406790,h126
406790,h343
406790,h162
406790,h469
406790,h481
406790,h83
406790,h109
406790,h50
406790,h78
406790,h377
406790,h185
406790,h386
406790,h341
406888,h163
406888,h290
406888,h212
406888,h116
406888,h475
406888,h231
406888,h52
406888,h438
406888,h114
406888,h299
406888,h486
406888,h110
406888,h94
406888,h489
406888,h82
406888,h234
406888,h415
406888,h291
406888,h79
406888,h261
406888,h20
406888,h478
406888,h115
406888,h26
406888,h418
406888,h97
406888,h245
406888,h288
406888,h301
406888,h49
406888,h117
406888,h334
406888,h390
406888,h211
406888,h287
406888,h407
406888,h236
406888,h80
406888,h246
406888,h124
406888,h413
406888,h244
406888,h210
406888,h476
406888,h266
406888,h123
406888,h292
406888,h233
406888,h392
406888,h24
406888,h328
406888,h243
406888,h113
406888,h186
406888,h29
406888,h480
406888,h330
406888,h168
406888,h22
406888,h331
406888,h412
406888,h332
406888,h25
406888,h391
406888,h443
406888,h241
406888,h23
406888,h286
406888,h302
406888,h247
406888,h342
406888,h395
406888,h125
406888,h252
406888,h112
406888,h162
406888,h164
406888,h442
406888,h289
406888,h235
406888,h28
406888,h187
406888,h109
406888,h285
406888,h228
406888,h393
400562,h206
400562,h163
400562,h290
400562,h212
400562,h116
400562,h475
400562,h231
400562,h114
400562,h299
400562,h486
400562,h110
400562,h94
400562,h489
400562,h82
400562,h234
400562,h415
400562,h291
400562,h79
400562,h261
400562,h20
400562,h478
400562,h115
400562,h26
400562,h418
400562,h97
400562,h245
400562,h268
400562,h288
400562,h49
400562,h117
400562,h334
400562,h390
400562,h211
400562,h287
400562,h407
400562,h236
400562,h246
400562,h124
400562,h413
400562,h244
400562,h210
400562,h227
400562,h368
400562,h373
400562,h306
400562,h476
400562,h266
400562,h378
400562,h123
400562,h292
400562,h233
400562,h24
400562,h328
400562,h303
400562,h113
400562,h267
400562,h29
400562,h370
400562,h480
400562,h330
400562,h168
400562,h22
400562,h331
400562,h412
400562,h332
400562,h25
400562,h443
400562,h342
400562,h395
400562,h125
400562,h374
400562,h304
400562,h252
400562,h112
400562,h126
400562,h406
400562,h442
400562,h289
400562,h121
400562,h187
400562,h109
400562,h285
400562,h471
400562,h386
400562,h250
407215,h206
407215,h163
407215,h290
407215,h212
407215,h116
407215,h475
407215,h231
407215,h52
407215,h438
407215,h114
407215,h299
407215,h441
407215,h486
407215,h110
407215,h470
407215,h489
407215,h82
407215,h234
407215,h291
407215,h79
407215,h20
407215,h478
407215,h26
407215,h418
407215,h97
407215,h369
407215,h245
407215,h268
407215,h288
407215,h301
407215,h49
407215,h117
407215,h334
407215,h390
407215,h211
407215,h287
407215,h407
407215,h236
407215,h80
407215,h246
407215,h124
407215,h244
407215,h210
407215,h227
407215,h368
407215,h476
407215,h266
407215,h378
407215,h123
407215,h292
407215,h233
407215,h392
407215,h24
407215,h328
407215,h243
407215,h113
407215,h186
407215,h267
407215,h29
407215,h370
407215,h480
407215,h330
407215,h168
407215,h22
407215,h331
407215,h25
407215,h443
407215,h241
407215,h286
407215,h342
407215,h125
407215,h374
407215,h304
407215,h252
407215,h112
407215,h126
407215,h343
407215,h242
407215,h481
407215,h406
407215,h442
407215,h235
407215,h83
407215,h253
407215,h333
407215,h396
407215,h254
407215,h55
407215,h393
407215,h408
407215,h341
407215,h205
407320,h206
407320,h163
407320,h290
407320,h212
407320,h116
407320,h475
407320,h231
407320,h52
407320,h438
407320,h114
407320,h299
407320,h441
407320,h486
407320,h110
407320,h94
407320,h489
407320,h82
407320,h234
407320,h291
407320,h79
407320,h261
407320,h20
407320,h478
407320,h115
407320,h26
407320,h418
407320,h97
407320,h369
407320,h245
407320,h268
407320,h288
407320,h49
407320,h117
407320,h390
407320,h211
407320,h287
407320,h407
407320,h236
407320,h246
407320,h413
407320,h244
407320,h210
407320,h227
407320,h368
407320,h373
407320,h476
407320,h266
407320,h378
407320,h123
407320,h292
407320,h24
407320,h328
407320,h243
407320,h303
407320,h113
407320,h186
407320,h267
407320,h29
407320,h370
407320,h480
407320,h330
407320,h168
407320,h22
407320,h331
407320,h412
407320,h25
407320,h443
407320,h23
407320,h286
407320,h125
407320,h374
407320,h252
407320,h162
407320,h406
407320,h442
407320,h121
407320,h187
407320,h396
407320,h285
407320,h77
407320,h55
407320,h471
407320,h228
407457,h206
407457,h163
407457,h212
407457,h116
407457,h475
407457,h231
407457,h52
407457,h438
407457,h114
407457,h299
407457,h441
407457,h486
407457,h110
407457,h94
407457,h489
407457,h234
407457,h415
407457,h291
407457,h79
407457,h261
407457,h20
407457,h478
407457,h26
407457,h418
407457,h97
407457,h369
407457,h245
407457,h268
407457,h288
407457,h49
407457,h117
407457,h334
407457,h390
407457,h211
407457,h287
407457,h407
407457,h236
407457,h80
407457,h246
407457,h413
407457,h244
407457,h227
407457,h368
407457,h373
407457,h306
407457,h476
407457,h266
407457,h378
407457,h123
407457,h292
407457,h233
407457,h392
407457,h24
407457,h328
407457,h243
407457,h113
407457,h186
407457,h267
407457,h29
407457,h370
407457,h480
407457,h330
407457,h168
407457,h22
407457,h331
407457,h332
407457,h25
407457,h443
407457,h23
407457,h286
407457,h247
407457,h342
407457,h125
407457,h374
407457,h112
407457,h343
407457,h469
407457,h481
407457,h256
407457,h406
407457,h442
407457,h289
407457,h248
407457,h111
407457,h235
407457,h265
407457,h187
407457,h109
407457,h387
407457,h471
407457,h228
407457,h181
407457,h341
407506,h206
407506,h163
407506,h290
407506,h212
407506,h116
407506,h475
407506,h231
407506,h52
407506,h438
407506,h114
407506,h299
407506,h441
407506,h486
407506,h110
407506,h94
407506,h470
407506,h489
407506,h234
407506,h415
407506,h291
407506,h79
407506,h261
407506,h20
407506,h478
407506,h115
407506,h26
407506,h418
407506,h97
407506,h369
407506,h245
407506,h268
407506,h288
407506,h301
407506,h49
407506,h117
407506,h334
407506,h211
407506,h287
407506,h407
407506,h236
407506,h80
407506,h246
407506,h413
407506,h244
407506,h210
407506,h227
407506,h368
407506,h373
407506,h306
407506,h476
407506,h266
407506,h378
407506,h292
407506,h392
407506,h24
407506,h328
407506,h243
407506,h113
407506,h267
407506,h29
407506,h480
407506,h330
407506,h22
407506,h331
407506,h412
407506,h332
407506,h25
407506,h391
407506,h241
407506,h286
407506,h247
407506,h395
407506,h125
407506,h252
407506,h126
407506,h162
407506,h242
407506,h256
407506,h406
407506,h409
407506,h289
407506,h300
407506,h440
407506,h213
407506,h270
407506,h28
407506,h265
407506,h109
407506,h396
407506,h285
407506,h471
407506,h228
407506,h408
407506,h416
407506,h417
407506,h250
407506,h204
407506,h205
407894,h206
407894,h163
407894,h290
407894,h212
407894,h116
407894,h475
407894,h52
407894,h438
407894,h114
407894,h299
407894,h441
407894,h486
407894,h110
407894,h94
407894,h470
407894,h489
407894,h82
407894,h234
407894,h415
407894,h291
407894,h79
407894,h261
407894,h478
407894,h115
407894,h26
407894,h97
407894,h369
407894,h245
407894,h268
407894,h301
407894,h49
407894,h117
407894,h334
407894,h389
407894,h211
407894,h407
407894,h236
407894,h80
407894,h246
407894,h124
407894,h413
407894,h244
407894,h368
407894,h306
407894,h476
407894,h266
407894,h378
407894,h123
407894,h292
407894,h233
407894,h24
407894,h328
407894,h303
407894,h113
407894,h186
407894,h267
407894,h29
407894,h480
407894,h330
407894,h168
407894,h22
407894,h331
407894,h332
407894,h25
407894,h443
407894,h23
407894,h247
407894,h342
407894,h395
407894,h125
407894,h374
407894,h252
407894,h112
407894,h126
407894,h481
407894,h477
407894,h300
407894,h111
407894,h83
407894,h187
407894,h77
407894,h228
407894,h408
407894,h490
408092,h206
408092,h163
408092,h290
408092,h212
408092,h116
408092,h475
408092,h231
408092,h52
408092,h438
408092,h299
408092,h486
408092,h110
408092,h94
408092,h470
408092,h489
408092,h234
408092,h415
408092,h291
408092,h79
408092,h261
408092,h20
408092,h478
408092,h115
408092,h26
408092,h418
408092,h97
408092,h245
408092,h268
408092,h288
408092,h301
408092,h49
408092,h117
408092,h334
408092,h390
408092,h211
408092,h287
408092,h407
408092,h80
408092,h246
408092,h124
408092,h413
408092,h244
408092,h210
408092,h227
408092,h368
408092,h306
408092,h476
408092,h266
408092,h378
408092,h292
408092,h24
408092,h328
408092,h243
408092,h113
408092,h186
408092,h267
408092,h29
408092,h480
408092,h168
408092,h22
408092,h331
408092,h412
408092,h332
408092,h25
408092,h23
408092,h302
408092,h342
408092,h374
408092,h252
408092,h112
408092,h126
408092,h481
408092,h256
408092,h406
408092,h289
408092,h248
408092,h81
408092,h213
408092,h121
408092,h379
408092,h83
408092,h187
408092,h109
408092,h78
408092,h396
408092,h285
408457,h206
408457,h163
408457,h290
408457,h212
408457,h116
408457,h475
408457,h231
408457,h52
408457,h438
408457,h114
408457,h299
408457,h441
408457,h486
408457,h110
408457,h94
408457,h470
408457,h489
408457,h82
408457,h234
408457,h415
408457,h79
408457,h20
408457,h478
408457,h115
408457,h26
408457,h418
408457,h97
408457,h369
408457,h245
408457,h268
408457,h288
408457,h49
408457,h117
408457,h334
408457,h390
408457,h211
408457,h287
408457,h407
408457,h236
408457,h80
408457,h246
408457,h124
408457,h413
408457,h244
408457,h210
408457,h227
408457,h368
408457,h373
408457,h306
408457,h476
408457,h266
408457,h378
408457,h123
408457,h292
408457,h233
408457,h392
408457,h24
408457,h328
408457,h243
408457,h303
408457,h113
408457,h186
408457,h29
408457,h370
408457,h480
408457,h330
408457,h168
408457,h22
408457,h331
408457,h25
408457,h391
408457,h443
408457,h241
408457,h23
408457,h286
408457,h247
408457,h342
408457,h125
408457,h374
408457,h252
408457,h112
408457,h126
408457,h162
408457,h469
408457,h481
408457,h406
408457,h164
408457,h442
408457,h81
408457,h300
408457,h440
408457,h111
408457,h213
408457,h270
408457,h265
408457,h83
408457,h109
408457,h285
408457,h77
408457,h471
408457,h228
408457,h408
408457,h264
408457,h490
400318,h206
400318,h163
400318,h290
400318,h212
400318,h116
400318,h231
400318,h52
400318,h438
400318,h299
400318,h486
400318,h110
400318,h94
400318,h470
400318,h489
400318,h234
400318,h415
400318,h291
400318,h79
400318,h261
400318,h20
400318,h478
400318,h115
400318,h26
400318,h418
400318,h97
400318,h245
400318,h268
400318,h288
400318,h301
400318,h49
400318,h117
400318,h334
400318,h211
400318,h287
400318,h407
400318,h80
400318,h246
400318,h124
400318,h413
400318,h244
400318,h210
400318,h227
400318,h368
400318,h373
400318,h306
400318,h476
400318,h266
400318,h378
400318,h123
400318,h292
400318,h233
400318,h392
400318,h24
400318,h328
400318,h243
400318,h303
400318,h113
400318,h267
400318,h29
400318,h370
400318,h480
400318,h330
400318,h168
400318,h22
400318,h331
400318,h412
400318,h332
400318,h25
400318,h241
400318,h247
400318,h342
400318,h374
400318,h252
400318,h112
400318,h126
400318,h481
400318,h406
400318,h164
400318,h111
400318,h83
400318,h187
400318,h109
400318,h50
400318,h387
400318,h285
400318,h377
400318,h471
400318,h393
400318,h408
400318,h416
400604,h206
400604,h163
400604,h290
400604,h212
400604,h116
400604,h475
400604,h231
400604,h52
400604,h438
400604,h114
400604,h299
400604,h441
400604,h486
400604,h110
400604,h94
400604,h470
400604,h489
400604,h82
400604,h234
400604,h415
400604,h79
400604,h261
400604,h20
400604,h478
400604,h115
400604,h26
400604,h418
400604,h97
400604,h369
400604,h245
400604,h268
400604,h288
400604,h301
400604,h49
400604,h117
400604,h334
400604,h389
400604,h211
400604,h407
400604,h236
400604,h246
400604,h124
400604,h413
400604,h244
400604,h227
400604,h368
400604,h373
400604,h306
400604,h476
400604,h378
400604,h123
400604,h292
400604,h233
400604,h392
400604,h328
400604,h243
400604,h303
400604,h113
400604,h186
400604,h267
400604,h29
400604,h370
400604,h480
400604,h330
400604,h168
400604,h22
400604,h331
400604,h25
400604,h391
400604,h241
400604,h302
400604,h247
400604,h342
400604,h125
400604,h252
400604,h112
400604,h126
400604,h162
400604,h469
400604,h242
400604,h111
400604,h213
400604,h75
400604,h379
400604,h83
400604,h109
400604,h50
400604,h387
400604,h285
400604,h393
400604,h185
400604,h386
400604,h341
400334,h206
400334,h163
400334,h290
400334,h212
400334,h116
400334,h475
400334,h231
400334,h299
400334,h441
400334,h486
400334,h110
400334,h94
400334,h470
400334,h489
400334,h82
400334,h415
400334,h79
400334,h261
400334,h20
400334,h478
400334,h115
400334,h26
400334,h418
400334,h97
400334,h369
400334,h245
400334,h268
400334,h288
400334,h301
400334,h49
400334,h117
400334,h334
400334,h389
400334,h390
400334,h211
400334,h287
400334,h407
400334,h411
400334,h236
400334,h80
400334,h246
400334,h124
400334,h413
400334,h244
400334,h210
400334,h227
400334,h368
400334,h373
400334,h476
400334,h266
400334,h378
400334,h123
400334,h292
400334,h233
400334,h328
400334,h243
400334,h303
400334,h113
400334,h267
400334,h370
400334,h480
400334,h330
400334,h168
400334,h22
400334,h331
400334,h412
400334,h25
400334,h391
400334,h443
400334,h23
400334,h302
400334,h342
400334,h125
400334,h374
400334,h304
400334,h252
400334,h112
400334,h126
400334,h162
400334,h469
400334,h481
400334,h406
400334,h409
400334,h442
400334,h289
400334,h111
400334,h235
400334,h471
400334,h228
400334,h393
400334,h386
400334,h416
400334,h417
400334,h341
400334,h120
300083,h206
300083,h163
300083,h290
300083,h212
300083,h116
300083,h475
300083,h52
300083,h438
300083,h114
300083,h299
300083,h486
300083,h110
300083,h94
300083,h470
300083,h489
300083,h234
300083,h415
300083,h79
300083,h261
300083,h20
300083,h478
300083,h115
300083,h26
300083,h418
300083,h369
300083,h245
300083,h288
300083,h301
300083,h117
300083,h334
300083,h389
300083,h390
300083,h287
300083,h407
300083,h236
300083,h80
300083,h246
300083,h244
300083,h210
300083,h227
300083,h368
300083,h373
300083,h306
300083,h476
300083,h266
300083,h378
300083,h292
300083,h233
300083,h392
300083,h24
300083,h328
300083,h113
300083,h29
300083,h370
300083,h480
300083,h330
300083,h168
300083,h22
300083,h331
300083,h332
300083,h25
300083,h443
300083,h241
300083,h286
300083,h247
300083,h125
300083,h304
300083,h252
300083,h126
300083,h469
300083,h242
300083,h165
300083,h289
300083,h81
300083,h111
300083,h213
300083,h265
300083,h187
300083,h471
300083,h184
300083,h386
300083,h341
300083,h207
409308,h206
409308,h163
409308,h290
409308,h212
409308,h116
409308,h475
409308,h231
409308,h52
409308,h114
409308,h299
409308,h486
409308,h110
409308,h94
409308,h470
409308,h234
409308,h415
409308,h291
409308,h79
409308,h261
409308,h20
409308,h478
409308,h115
409308,h26
409308,h418
409308,h97
409308,h369
409308,h245
409308,h268
409308,h288
409308,h301
409308,h49
409308,h117
409308,h334
409308,h389
409308,h390
409308,h211
409308,h287
409308,h407
409308,h236
409308,h80
409308,h246
409308,h124
409308,h413
409308,h244
409308,h227
409308,h373
409308,h306
409308,h476
409308,h378
409308,h123
409308,h292
409308,h233
409308,h392
409308,h24
409308,h328
409308,h303
409308,h113
409308,h186
409308,h267
409308,h29
409308,h370
409308,h480
409308,h330
409308,h168
409308,h22
409308,h25
409308,h443
409308,h23
409308,h286
409308,h302
409308,h342
409308,h125
409308,h374
409308,h304
409308,h252
409308,h112
409308,h126
409308,h469
409308,h406
409308,h289
409308,h213
409308,h83
409308,h187
409308,h254
409308,h258
409308,h77
409308,h471
409308,h185
409308,h386
400340,h206
400340,h163
400340,h290
400340,h212
400340,h116
400340,h475
400340,h231
400340,h299
400340,h441
400340,h486
400340,h110
400340,h94
400340,h489
400340,h82
400340,h234
400340,h415
400340,h291
400340,h79
400340,h261
400340,h20
400340,h478
400340,h115
400340,h26
400340,h418
400340,h97
400340,h369
400340,h245
400340,h288
400340,h301
400340,h49
400340,h117
400340,h334
400340,h390
400340,h211
400340,h287
400340,h407
400340,h236
400340,h80
400340,h246
400340,h124
400340,h413
400340,h244
400340,h210
400340,h227
400340,h373
400340,h306
400340,h476
400340,h378
400340,h123
400340,h292
400340,h233
400340,h392
400340,h24
400340,h328
400340,h243
400340,h113
400340,h267
400340,h29
400340,h480
400340,h330
400340,h168
400340,h331
400340,h412
400340,h25
400340,h391
400340,h443
400340,h23
400340,h286
400340,h302
400340,h342
400340,h125
400340,h374
400340,h304
400340,h252
400340,h112
400340,h343
400340,h481
400340,h406
400340,h477
400340,h442
400340,h440
400340,h111
400340,h213
400340,h270
400340,h253
400340,h387
400340,h377
400340,h258
400340,h393
400340,h386
409454,h206
409454,h163
409454,h290
409454,h212
409454,h116
409454,h475
409454,h231
409454,h52
409454,h114
409454,h299
409454,h441
409454,h486
409454,h110
409454,h94
409454,h489
409454,h82
409454,h234
409454,h415
409454,h79
409454,h261
409454,h20
409454,h478
409454,h115
409454,h26
409454,h418
409454,h97
409454,h369
409454,h245
409454,h268
409454,h288
409454,h49
409454,h117
409454,h389
409454,h390
409454,h211
409454,h287
409454,h407
409454,h411
409454,h246
409454,h124
409454,h413
409454,h244
409454,h210
409454,h227
409454,h368
409454,h373
409454,h306
409454,h476
409454,h266
409454,h378
409454,h123
409454,h292
409454,h233
409454,h328
409454,h243
409454,h113
409454,h267
409454,h29
409454,h480
409454,h330
409454,h168
409454,h22
409454,h412
409454,h25
409454,h391
409454,h241
409454,h286
409454,h247
409454,h374
409454,h112
409454,h343
409454,h481
409454,h165
409454,h442
409454,h289
409454,h300
409454,h440
409454,h187
409454,h78
409454,h387
409454,h396
409454,h77
409454,h228
409454,h393
409454,h42
409500,h206
409500,h163
409500,h290
409500,h212
409500,h116
409500,h475
409500,h231
409500,h52
409500,h438
409500,h114
409500,h299
409500,h441
409500,h486
409500,h110
409500,h94
409500,h470
409500,h489
409500,h82
409500,h234
409500,h415
409500,h291
409500,h79
409500,h261
409500,h20
409500,h478
409500,h115
409500,h26
409500,h418
409500,h97
409500,h369
409500,h245
409500,h268
409500,h288
409500,h301
409500,h49
409500,h117
409500,h334
409500,h389
409500,h211
409500,h287
409500,h407
409500,h411
409500,h236
409500,h80
409500,h246
409500,h124
409500,h413
409500,h244
409500,h210
409500,h227
409500,h373
409500,h306
409500,h476
409500,h266
409500,h123
409500,h292
409500,h233
409500,h392
409500,h24
409500,h328
409500,h243
409500,h303
409500,h113
409500,h267
409500,h29
409500,h370
409500,h480
409500,h330
409500,h168
409500,h22
409500,h331
409500,h412
409500,h332
409500,h25
409500,h241
409500,h286
409500,h302
409500,h247
409500,h342
409500,h395
409500,h125
409500,h252
409500,h112
409500,h126
409500,h162
409500,h242
409500,h481
409500,h442
409500,h289
409500,h81
409500,h111
409500,h213
409500,h75
409500,h83
409500,h253
409500,h109
409500,h78
409500,h396
409500,h285
409500,h471
409500,h488
400365,h206
400365,h163
400365,h212
400365,h116
400365,h475
400365,h231
400365,h52
400365,h438
400365,h299
400365,h441
400365,h486
400365,h110
400365,h94
400365,h489
400365,h82
400365,h234
400365,h415
400365,h291
400365,h79
400365,h20
400365,h478
400365,h115
400365,h26
400365,h418
400365,h97
400365,h369
400365,h245
400365,h268
400365,h288
400365,h301
400365,h49
400365,h117
400365,h334
400365,h389
400365,h390
400365,h211
400365,h287
400365,h407
400365,h236
400365,h80
400365,h246
400365,h124
400365,h413
400365,h244
400365,h227
400365,h368
400365,h373
400365,h306
400365,h476
400365,h266
400365,h378
400365,h123
400365,h292
400365,h233
400365,h328
400365,h243
400365,h113
400365,h186
400365,h267
400365,h370
400365,h480
400365,h168
400365,h22
400365,h332
400365,h25
400365,h286
400365,h302
400365,h342
400365,h125
400365,h374
400365,h112
400365,h126
400365,h469
400365,h164
400365,h477
400365,h111
400365,h75
400365,h109
400365,h396
400365,h377
400365,h228
400365,h185
400374,h206
400374,h163
400374,h290
400374,h212
400374,h116
400374,h475
400374,h231
400374,h52
400374,h438
400374,h114
400374,h299
400374,h441
400374,h486
400374,h110
400374,h94
400374,h82
400374,h234
400374,h415
400374,h291
400374,h261
400374,h20
400374,h478
400374,h115
400374,h26
400374,h418
400374,h97
400374,h369
400374,h268
400374,h288
400374,h301
400374,h49
400374,h117
400374,h334
400374,h390
400374,h211
400374,h407
400374,h411
400374,h236
400374,h80
400374,h246
400374,h124
400374,h244
400374,h227
400374,h368
400374,h306
400374,h476
400374,h266
400374,h378
400374,h123
400374,h292
400374,h233
400374,h24
400374,h328
400374,h243
400374,h113
400374,h186
400374,h370
400374,h480
400374,h330
400374,h22
400374,h331
400374,h412
400374,h25
400374,h443
400374,h241
400374,h286
400374,h302
400374,h125
400374,h374
400374,h406
400374,h164
400374,h409
400374,h289
400374,h111
400374,h235
400374,h121
400374,h28
400374,h83
400374,h187
400374,h109
400374,h471
400374,h393
400374,h386
400374,h250
410010,h206
410010,h163
410010,h290
410010,h212
410010,h116
410010,h475
410010,h231
410010,h299
410010,h486
410010,h110
410010,h94
410010,h489
410010,h234
410010,h79
410010,h20
410010,h478
410010,h115
410010,h26
410010,h418
410010,h97
410010,h245
410010,h288
410010,h49
410010,h117
410010,h389
410010,h390
410010,h211
410010,h287
410010,h407
410010,h236
410010,h80
410010,h246
410010,h124
410010,h413
410010,h244
410010,h227
410010,h368
410010,h306
410010,h476
410010,h266
410010,h378
410010,h123
410010,h292
410010,h233
410010,h328
410010,h243
410010,h303
410010,h113
410010,h186
410010,h267
410010,h480
410010,h330
410010,h168
410010,h412
410010,h25
410010,h443
410010,h241
410010,h247
410010,h342
410010,h125
410010,h374
410010,h252
410010,h112
410010,h126
410010,h481
410010,h406
410010,h164
410010,h165
410010,h409
410010,h442
410010,h81
410010,h111
410010,h253
410010,h387
410010,h285
410010,h377
410097,h206
410097,h163
410097,h290
410097,h212
410097,h116
410097,h475
410097,h231
410097,h52
410097,h438
410097,h114
410097,h299
410097,h486
410097,h110
410097,h94
410097,h489
410097,h82
410097,h234
410097,h291
410097,h79
410097,h261
410097,h20
410097,h478
410097,h115
410097,h26
410097,h418
410097,h97
410097,h369
410097,h245
410097,h288
410097,h301
410097,h117
410097,h334
410097,h390
410097,h211
410097,h287
410097,h407
410097,h236
410097,h80
410097,h246
410097,h124
410097,h413
410097,h244
410097,h227
410097,h368
410097,h373
410097,h306
410097,h476
410097,h266
410097,h378
410097,h123
410097,h292
410097,h233
410097,h24
410097,h328
410097,h243
410097,h303
410097,h113
410097,h267
410097,h29
410097,h480
410097,h330
410097,h168
410097,h22
410097,h331
410097,h25
410097,h391
410097,h443
410097,h286
410097,h342
410097,h395
410097,h125
410097,h374
410097,h252
410097,h112
410097,h406
410097,h289
410097,h213
410097,h83
410097,h333
410097,h285
410097,h185
410097,h180
410097,h490
410097,h329
300091,h206
300091,h163
300091,h290
300091,h212
300091,h116
300091,h475
300091,h231
300091,h52
300091,h114
300091,h299
300091,h441
300091,h486
300091,h110
300091,h94
300091,h470
300091,h489
300091,h82
300091,h234
300091,h415
300091,h291
300091,h79
300091,h261
300091,h20
300091,h478
300091,h115
300091,h26
300091,h418
300091,h97
300091,h245
300091,h268
300091,h288
300091,h301
300091,h49
300091,h117
300091,h389
300091,h390
300091,h211
300091,h287
300091,h407
300091,h411
300091,h236
300091,h80
300091,h246
300091,h124
300091,h413
300091,h244
300091,h210
300091,h227
300091,h368
300091,h306
300091,h476
300091,h378
300091,h123
300091,h292
300091,h233
300091,h392
300091,h24
300091,h328
300091,h243
300091,h113
300091,h186
300091,h267
300091,h29
300091,h480
300091,h330
300091,h22
300091,h331
300091,h412
300091,h332
300091,h25
300091,h391
300091,h241
300091,h23
300091,h302
300091,h247
300091,h342
300091,h125
300091,h374
300091,h112
300091,h126
300091,h343
300091,h242
300091,h481
300091,h406
300091,h409
300091,h442
300091,h300
300091,h111
300091,h235
300091,h121
300091,h265
300091,h83
300091,h187
300091,h387
300091,h285
300091,h393
300091,h386
300091,h181
410142,h206
410142,h163
410142,h212
410142,h116
410142,h231
410142,h52
410142,h438
410142,h114
410142,h299
410142,h486
410142,h110
410142,h94
410142,h82
410142,h234
410142,h415
410142,h291
410142,h79
410142,h20
410142,h478
410142,h115
410142,h26
410142,h418
410142,h97
410142,h245
410142,h268
410142,h288
410142,h301
410142,h49
410142,h117
410142,h334
410142,h390
410142,h211
410142,h287
410142,h407
410142,h236
410142,h80
410142,h246
410142,h124
410142,h413
410142,h244
410142,h210
410142,h227
410142,h306
410142,h476
410142,h266
410142,h378
410142,h123
410142,h292
410142,h233
410142,h392
410142,h24
410142,h328
410142,h243
410142,h113
410142,h267
410142,h29
410142,h370
410142,h480
410142,h168
410142,h331
410142,h332
410142,h25
410142,h391
410142,h443
410142,h342
410142,h395
410142,h374
410142,h252
410142,h112
410142,h126
410142,h343
410142,h162
410142,h469
410142,h242
410142,h481
410142,h406
410142,h442
410142,h289
410142,h300
410142,h440
410142,h75
410142,h387
410142,h228
410142,h417
410142,h205
410142,h120
410142,h203
400610,h206
400610,h163
400610,h290
400610,h212
400610,h116
400610,h475
400610,h231
400610,h52
400610,h438
400610,h441
400610,h486
400610,h110
400610,h94
400610,h470
400610,h489
400610,h82
400610,h234
400610,h415
400610,h291
400610,h79
400610,h261
400610,h20
400610,h478
400610,h115
400610,h26
400610,h418
400610,h97
400610,h369
400610,h245
400610,h268
400610,h288
400610,h49
400610,h117
400610,h334
400610,h211
400610,h287
400610,h407
400610,h80
400610,h246
400610,h413
400610,h244
400610,h210
400610,h368
400610,h373
400610,h306
400610,h476
400610,h266
400610,h292
400610,h233
400610,h392
400610,h24
400610,h328
400610,h243
400610,h303
400610,h113
400610,h186
400610,h267
400610,h480
400610,h330
400610,h168
400610,h22
400610,h412
400610,h332
400610,h25
400610,h391
400610,h443
400610,h23
400610,h286
400610,h302
400610,h247
400610,h125
400610,h252
400610,h162
400610,h242
400610,h481
400610,h406
400610,h442
400610,h289
400610,h213
400610,h270
400610,h83
400610,h187
400610,h285
400610,h471
400610,h228
400610,h42
400504,h206
400504,h290
400504,h212
400504,h116
400504,h231
400504,h438
400504,h114
400504,h299
400504,h486
400504,h110
400504,h94
400504,h82
400504,h234
400504,h415
400504,h79
400504,h261
400504,h20
400504,h478
400504,h115
400504,h26
400504,h97
400504,h369
400504,h245
400504,h288
400504,h301
400504,h49
400504,h117
400504,h389
400504,h211
400504,h287
400504,h407
400504,h236
400504,h80
400504,h246
400504,h413
400504,h244
400504,h368
400504,h373
400504,h306
400504,h476
400504,h266
400504,h378
400504,h123
400504,h292
400504,h233
400504,h328
400504,h243
400504,h303
400504,h113
400504,h186
400504,h267
400504,h29
400504,h480
400504,h330
400504,h22
400504,h331
400504,h25
400504,h443
400504,h342
400504,h125
400504,h374
400504,h304
400504,h112
400504,h126
400504,h343
400504,h406
400504,h409
400504,h442
400504,h379
400504,h187
400504,h285
400504,h386
400504,h180
410529,h206
410529,h163
410529,h290
410529,h212
410529,h116
410529,h231
410529,h52
410529,h114
410529,h299
410529,h441
410529,h486
410529,h110
410529,h94
410529,h470
410529,h489
410529,h82
410529,h234
410529,h415
410529,h291
410529,h261
410529,h478
410529,h115
410529,h26
410529,h418
410529,h97
410529,h369
410529,h245
410529,h268
410529,h288
410529,h301
410529,h117
410529,h389
410529,h390
410529,h211
410529,h287
410529,h407
410529,h236
410529,h80
410529,h246
410529,h124
410529,h413
410529,h244
410529,h210
410529,h227
410529,h373
410529,h476
410529,h266
410529,h378
410529,h123
410529,h292
410529,h233
410529,h24
410529,h328
410529,h243
410529,h113
410529,h267
410529,h370
410529,h480
410529,h330
410529,h168
410529,h22
410529,h331
410529,h412
410529,h332
410529,h25
410529,h247
410529,h342
410529,h125
410529,h374
410529,h252
410529,h112
410529,h343
410529,h469
410529,h242
410529,h256
410529,h406
410529,h442
410529,h289
410529,h235
410529,h213
410529,h109
410529,h333
410529,h387
410529,h55
410529,h393
410529,h184
410641,h206
410641,h163
410641,h212
410641,h116
410641,h475
410641,h231
410641,h438
410641,h299
410641,h441
410641,h486
410641,h110
410641,h94
410641,h470
410641,h415
410641,h291
410641,h79
410641,h261
410641,h20
410641,h478
410641,h115
410641,h26
410641,h418
410641,h97
410641,h369
410641,h245
410641,h268
410641,h49
410641,h117
410641,h334
410641,h389
410641,h390
410641,h211
410641,h407
410641,h236
410641,h80
410641,h246
410641,h124
410641,h413
410641,h244
410641,h227
410641,h368
410641,h476
410641,h266
410641,h378
410641,h123
410641,h292
410641,h233
410641,h24
410641,h328
410641,h243
410641,h303
410641,h113
410641,h267
410641,h370
410641,h480
410641,h330
410641,h168
410641,h22
410641,h331
410641,h412
410641,h25
410641,h391
410641,h443
410641,h241
410641,h247
410641,h342
410641,h125
410641,h304
410641,h252
410641,h162
410641,h406
410641,h440
410641,h235
410641,h28
410641,h78
410641,h285
410641,h471
410641,h393
410641,h417
411585,h206
411585,h163
411585,h290
411585,h212
411585,h116
411585,h231
411585,h52
411585,h438
411585,h114
411585,h299
411585,h486
411585,h110
411585,h94
411585,h470
411585,h489
411585,h234
411585,h415
411585,h291
411585,h79
411585,h261
411585,h20
411585,h478
411585,h115
411585,h418
411585,h97
411585,h369
411585,h245
411585,h268
411585,h288
411585,h301
411585,h49
411585,h117
411585,h334
411585,h389
411585,h390
411585,h211
411585,h287
411585,h407
411585,h80
411585,h246
411585,h124
411585,h413
411585,h244
411585,h210
411585,h368
411585,h306
411585,h476
411585,h266
411585,h378
411585,h123
411585,h292
411585,h233
411585,h24
411585,h328
411585,h243
411585,h113
411585,h186
411585,h267
411585,h29
411585,h370
411585,h480
411585,h330
411585,h168
411585,h22
411585,h331
411585,h412
411585,h332
411585,h25
411585,h391
411585,h443
411585,h241
411585,h23
411585,h286
411585,h247
411585,h342
411585,h395
411585,h125
411585,h374
411585,h304
411585,h252
411585,h112
411585,h126
411585,h406
411585,h164
411585,h165
411585,h442
411585,h289
411585,h248
411585,h111
411585,h379
411585,h253
411585,h285
411585,h55
411585,h228
412007,h206
412007,h163
412007,h290
412007,h212
412007,h116
412007,h231
412007,h52
412007,h438
412007,h114
412007,h299
412007,h441
412007,h486
412007,h110
412007,h94
412007,h470
412007,h489
412007,h234
412007,h415
412007,h291
412007,h79
412007,h20
412007,h478
412007,h115
412007,h26
412007,h418
412007,h97
412007,h245
412007,h268
412007,h288
412007,h301
412007,h49
412007,h117
412007,h390
412007,h211
412007,h287
412007,h236
412007,h80
412007,h246
412007,h124
412007,h413
412007,h244
412007,h210
412007,h227
412007,h368
412007,h306
412007,h476
412007,h266
412007,h378
412007,h292
412007,h233
412007,h392
412007,h24
412007,h328
412007,h303
412007,h113
412007,h186
412007,h29
412007,h370
412007,h480
412007,h330
412007,h168
412007,h22
412007,h331
412007,h332
412007,h25
412007,h391
412007,h443
412007,h241
412007,h302
412007,h342
412007,h125
412007,h374
412007,h252
412007,h126
412007,h343
412007,h162
412007,h469
412007,h481
412007,h406
412007,h442
412007,h258
412007,h228
412007,h202
401874,h206
401874,h163
401874,h212
401874,h116
401874,h475
401874,h231
401874,h52
401874,h114
401874,h299
401874,h486
401874,h110
401874,h94
401874,h489
401874,h82
401874,h234
401874,h415
401874,h291
401874,h79
401874,h261
401874,h20
401874,h478
401874,h115
401874,h26
401874,h418
401874,h97
401874,h369
401874,h245
401874,h268
401874,h288
401874,h301
401874,h211
401874,h287
401874,h236
401874,h80
401874,h246
401874,h124
401874,h413
401874,h244
401874,h210
401874,h476
401874,h266
401874,h292
401874,h233
401874,h24
401874,h328
401874,h243
401874,h303
401874,h113
401874,h186
401874,h267
401874,h29
401874,h480
401874,h330
401874,h168
401874,h22
401874,h331
401874,h25
401874,h391
401874,h443
401874,h247
401874,h342
401874,h125
401874,h374
401874,h252
401874,h126
401874,h256
401874,h111
401874,h228
401874,h408
401874,h185
401874,h386
401874,h341
401874,h490
403864,h206
403864,h163
403864,h212
403864,h116
403864,h475
403864,h231
403864,h52
403864,h438
403864,h114
403864,h299
403864,h486
403864,h110
403864,h94
403864,h489
403864,h82
403864,h234
403864,h415
403864,h291
403864,h79
403864,h261
403864,h20
403864,h478
403864,h115
403864,h26
403864,h418
403864,h97
403864,h245
403864,h268
403864,h288
403864,h301
403864,h49
403864,h117
403864,h390
403864,h211
403864,h287
403864,h407
403864,h236
403864,h80
403864,h246
403864,h124
403864,h413
403864,h244
403864,h210
403864,h227
403864,h373
403864,h306
403864,h476
403864,h266
403864,h378
403864,h123
403864,h292
403864,h233
403864,h392
403864,h24
403864,h328
403864,h243
403864,h303
403864,h113
403864,h186
403864,h370
403864,h480
403864,h330
403864,h168
403864,h22
403864,h331
403864,h412
403864,h332
403864,h25
403864,h443
403864,h286
403864,h342
403864,h395
403864,h374
403864,h304
403864,h252
403864,h112
403864,h126
403864,h242
403864,h481
403864,h256
403864,h442
403864,h83
403864,h187
403864,h55
403864,h471
403864,h408
403864,h264
410147,h206
410147,h163
410147,h290
410147,h116
410147,h475
410147,h231
410147,h52
410147,h438
410147,h114
410147,h299
410147,h441
410147,h486
410147,h110
410147,h94
410147,h489
410147,h234
410147,h415
410147,h261
410147,h20
410147,h478
410147,h115
410147,h26
410147,h418
410147,h97
410147,h369
410147,h288
410147,h301
410147,h117
410147,h390
410147,h211
410147,h287
410147,h407
410147,h411
410147,h236
410147,h80
410147,h246
410147,h413
410147,h244
410147,h210
410147,h373
410147,h306
410147,h476
410147,h266
410147,h378
410147,h123
410147,h233
410147,h392
410147,h328
410147,h243
410147,h303
410147,h113
410147,h186
410147,h267
410147,h370
410147,h480
410147,h330
410147,h168
410147,h22
410147,h331
410147,h412
410147,h332
410147,h25
410147,h391
410147,h443
410147,h23
410147,h286
410147,h247
410147,h342
410147,h125
410147,h374
410147,h126
410147,h162
410147,h242
410147,h75
410147,h379
410147,h187
410147,h50
410147,h285
410147,h254
410147,h185
410147,h386
410147,h181
410147,h250
411247,h206
411247,h163
411247,h290
411247,h212
411247,h116
411247,h52
411247,h438
411247,h299
411247,h486
411247,h94
411247,h82
411247,h234
411247,h291
411247,h79
411247,h261
411247,h478
411247,h115
411247,h418
411247,h97
411247,h245
411247,h268
411247,h288
411247,h301
411247,h117
411247,h334
411247,h390
411247,h211
411247,h287
411247,h407
411247,h236
411247,h80
411247,h246
411247,h124
411247,h413
411247,h244
411247,h210
411247,h227
411247,h368
411247,h306
411247,h476
411247,h266
411247,h378
411247,h123
411247,h292
411247,h233
411247,h392
411247,h328
411247,h243
411247,h303
411247,h113
411247,h186
411247,h267
411247,h29
411247,h370
411247,h480
411247,h330
411247,h168
411247,h22
411247,h331
411247,h412
411247,h25
411247,h23
411247,h125
411247,h374
411247,h252
411247,h126
411247,h481
411247,h406
411247,h164
411247,h248
411247,h213
411247,h28
411247,h285
411247,h488
411247,h204
400055,h206
400055,h163
400055,h290
400055,h212
400055,h116
400055,h475
400055,h231
400055,h52
400055,h438
400055,h299
400055,h486
400055,h110
400055,h94
400055,h82
400055,h415
400055,h291
400055,h79
400055,h261
400055,h20
400055,h478
400055,h115
400055,h26
400055,h418
400055,h97
400055,h369
400055,h245
400055,h268
400055,h288
400055,h301
400055,h49
400055,h117
400055,h334
400055,h389
400055,h211
400055,h287
400055,h407
400055,h80
400055,h246
400055,h124
400055,h413
400055,h244
400055,h210
400055,h227
400055,h368
400055,h306
400055,h476
400055,h266
400055,h378
400055,h123
400055,h292
400055,h233
400055,h328
400055,h303
400055,h113
400055,h186
400055,h267
400055,h29
400055,h370
400055,h480
400055,h330
400055,h168
400055,h412
400055,h25
400055,h443
400055,h23
400055,h286
400055,h247
400055,h342
400055,h125
400055,h252
400055,h112
400055,h126
400055,h242
400055,h481
400055,h409
400055,h289
400055,h187
400055,h109
400055,h50
400055,h393
400055,h202
404705,h206
404705,h163
404705,h290
404705,h212
404705,h116
404705,h475
404705,h231
404705,h52
404705,h438
404705,h114
404705,h299
404705,h441
404705,h486
404705,h110
404705,h94
404705,h470
404705,h82
404705,h234
404705,h291
404705,h79
404705,h261
404705,h20
404705,h478
404705,h115
404705,h26
404705,h418
404705,h97
404705,h245
404705,h268
404705,h288
404705,h117
404705,h334
404705,h389
404705,h390
404705,h211
404705,h287
404705,h407
404705,h236
404705,h80
404705,h246
404705,h124
404705,h413
404705,h244
404705,h210
404705,h227
404705,h368
404705,h373
404705,h306
404705,h476
404705,h266
404705,h378
404705,h123
404705,h292
404705,h233
404705,h392
404705,h24
404705,h328
404705,h303
404705,h113
404705,h186
404705,h267
404705,h29
404705,h370
404705,h480
404705,h22
404705,h331
404705,h412
404705,h332
404705,h25
404705,h443
404705,h23
404705,h286
404705,h342
404705,h374
404705,h304
404705,h252
404705,h112
404705,h126
404705,h343
404705,h162
404705,h469
404705,h242
404705,h164
404705,h477
404705,h442
404705,h248
404705,h235
404705,h75
404705,h83
404705,h78
404705,h387
404705,h285
404705,h77
404705,h471
404705,h228
404705,h416
404705,h417
404705,h490
407967,h206
407967,h163
407967,h290
407967,h212
407967,h116
407967,h475
407967,h231
407967,h52
407967,h438
407967,h114
407967,h299
407967,h441
407967,h486
407967,h110
407967,h94
407967,h470
407967,h82
407967,h234
407967,h415
407967,h291
407967,h261
407967,h20
407967,h478
407967,h115
407967,h26
407967,h97
407967,h369
407967,h245
407967,h268
407967,h288
407967,h301
407967,h49
407967,h117
407967,h334
407967,h389
407967,h390
407967,h211
407967,h287
407967,h407
407967,h236
407967,h80
407967,h246
407967,h124
407967,h413
407967,h244
407967,h368
407967,h373
407967,h306
407967,h476
407967,h266
407967,h378
407967,h233
407967,h392
407967,h24
407967,h328
407967,h243
407967,h303
407967,h113
407967,h186
407967,h267
407967,h29
407967,h370
407967,h480
407967,h330
407967,h168
407967,h22
407967,h331
407967,h412
407967,h25
407967,h391
407967,h23
407967,h286
407967,h302
407967,h247
407967,h342
407967,h125
407967,h374
407967,h304
407967,h252
407967,h343
407967,h469
407967,h481
407967,h256
407967,h442
407967,h289
407967,h379
407967,h187
407967,h387
407967,h285
407967,h471
407967,h228
407967,h416
