400672,s646
400672,s514
400672,s549
400672,s484
400672,s541
400672,s538
400672,s542
400672,s595
400672,s596
400672,s546
400672,s521
400672,s641
400672,s597
400672,s537
400672,s613
400672,s530
400672,s515
400672,s632
400672,s547
400672,s535
400672,s612
400672,s536
400672,s544
400672,s534
400672,s648
400672,s652
400672,s467
400672,s545
400672,s580
400672,s472
400672,s578
400672,s581
400672,s517
400672,s551
400672,s614
400672,s529
400672,s471
400672,s532
400672,s594
400672,s519
400672,s518
400672,s615
400672,s539
400672,s548
400672,s611
400672,s540
400672,s629
400672,s543
400672,s494
400672,s565
400672,s616
400672,s528
400672,s493
400672,s513
400672,s593
400672,s516
400672,s604
400672,s607
400672,s456
400672,s642
400672,s589
400672,s630
400672,s650
400672,s631
400672,s640
400672,s644
400672,s587
400927,s637
400927,s646
400927,s514
400927,s549
400927,s484
400927,s541
400927,s538
400927,s542
400927,s595
400927,s546
400927,s521
400927,s406
400927,s641
400927,s537
400927,s613
400927,s530
400927,s515
400927,s632
400927,s547
400927,s638
400927,s535
400927,s612
400927,s536
400927,s544
400927,s534
400927,s652
400927,s467
400927,s545
400927,s580
400927,s472
400927,s649
400927,s581
400927,s517
400927,s551
400927,s614
400927,s585
400927,s645
400927,s471
400927,s594
400927,s519
400927,s518
400927,s539
400927,s548
400927,s611
400927,s540
400927,s654
400927,s629
400927,s543
400927,s494
400927,s565
400927,s616
400927,s493
400927,s513
400927,s593
400927,s516
400927,s604
400927,s607
400927,s642
400927,s589
400927,s479
400927,s635
400927,s650
400927,s640
400927,s644
400927,s586
401611,s637
401611,s646
401611,s514
401611,s549
401611,s484
401611,s541
401611,s538
401611,s542
401611,s595
401611,s405
401611,s546
401611,s521
401611,s406
401611,s641
401611,s597
401611,s537
401611,s613
401611,s530
401611,s515
401611,s632
401611,s547
401611,s638
401611,s535
401611,s536
401611,s544
401611,s534
401611,s648
401611,s652
401611,s467
401611,s545
401611,s580
401611,s578
401611,s581
401611,s517
401611,s614
401611,s585
401611,s529
401611,s471
401611,s532
401611,s552
401611,s594
401611,s519
401611,s518
401611,s539
401611,s548
401611,s540
401611,s654
401611,s633
401611,s543
401611,s565
401611,s616
401611,s493
401611,s513
401611,s501
401611,s593
401611,s516
401611,s604
401611,s550
401611,s647
401611,s607
401611,s456
401611,s479
401611,s630
401611,s650
401611,s639
401611,s640
401611,s644
401611,s586
401611,s643
300023,s646
300023,s514
300023,s549
300023,s484
300023,s541
300023,s538
300023,s542
300023,s595
300023,s596
300023,s405
300023,s546
300023,s521
300023,s406
300023,s641
300023,s597
300023,s537
300023,s515
300023,s632
300023,s547
300023,s638
300023,s584
300023,s535
300023,s536
300023,s544
300023,s534
300023,s652
300023,s467
300023,s545
300023,s580
300023,s578
300023,s581
300023,s551
300023,s614
300023,s585
300023,s645
300023,s529
300023,s471
300023,s532
300023,s594
300023,s518
300023,s615
300023,s539
300023,s548
300023,s611
300023,s540
300023,s654
300023,s629
300023,s633
300023,s543
300023,s494
300023,s565
300023,s616
300023,s493
300023,s513
300023,s501
300023,s593
300023,s604
300023,s647
300023,s607
300023,s589
300023,s624
300023,s650
300023,s531
300023,s459
300023,s639
300023,s586
403171,s646
403171,s514
403171,s549
403171,s484
403171,s541
403171,s538
403171,s542
403171,s595
403171,s596
403171,s405
403171,s546
403171,s521
403171,s406
403171,s641
403171,s597
403171,s537
403171,s530
403171,s515
403171,s632
403171,s547
403171,s638
403171,s535
403171,s536
403171,s544
403171,s534
403171,s652
403171,s467
403171,s545
403171,s580
403171,s472
403171,s578
403171,s649
403171,s581
403171,s551
403171,s614
403171,s585
403171,s529
403171,s532
403171,s552
403171,s594
403171,s519
403171,s518
403171,s615
403171,s539
403171,s548
403171,s611
403171,s540
403171,s633
403171,s543
403171,s565
403171,s616
403171,s493
403171,s513
403171,s501
403171,s593
403171,s516
403171,s604
403171,s550
403171,s647
403171,s607
403171,s470
403171,s642
403171,s589
403171,s650
403171,s631
403171,s459
403515,s637
403515,s514
403515,s549
403515,s484
403515,s541
403515,s538
403515,s542
403515,s595
403515,s596
403515,s405
403515,s546
403515,s521
403515,s406
403515,s641
403515,s597
403515,s537
403515,s530
403515,s515
403515,s632
403515,s547
403515,s638
403515,s584
403515,s535
403515,s612
403515,s536
403515,s544
403515,s534
403515,s648
403515,s652
403515,s545
403515,s580
403515,s472
403515,s649
403515,s581
403515,s614
403515,s645
403515,s529
403515,s471
403515,s532
403515,s552
403515,s594
403515,s519
403515,s518
403515,s615
403515,s539
403515,s548
403515,s540
403515,s654
403515,s629
403515,s543
403515,s494
403515,s565
403515,s616
403515,s493
403515,s513
403515,s501
403515,s593
403515,s516
403515,s604
403515,s647
403515,s607
403515,s642
403515,s589
403515,s479
403515,s650
403515,s459
403515,s639
403669,s637
403669,s514
403669,s549
403669,s484
403669,s541
403669,s538
403669,s542
403669,s595
403669,s405
403669,s546
403669,s521
403669,s406
403669,s641
403669,s597
403669,s537
403669,s613
403669,s530
403669,s515
403669,s632
403669,s547
403669,s638
403669,s584
403669,s535
403669,s612
403669,s536
403669,s544
403669,s534
403669,s652
403669,s467
403669,s545
403669,s580
403669,s472
403669,s578
403669,s581
403669,s551
403669,s614
403669,s529
403669,s532
403669,s552
403669,s594
403669,s518
403669,s615
403669,s539
403669,s548
403669,s540
403669,s654
403669,s629
403669,s633
403669,s543
403669,s494
403669,s565
403669,s616
403669,s493
403669,s513
403669,s501
403669,s593
403669,s516
403669,s604
403669,s647
403669,s607
403669,s456
403669,s642
403669,s589
403669,s630
403669,s635
403669,s639
403669,s640
404444,s637
404444,s514
404444,s549
404444,s484
404444,s541
404444,s538
404444,s542
404444,s595
404444,s596
404444,s546
404444,s521
404444,s406
404444,s641
404444,s597
404444,s537
404444,s515
404444,s632
404444,s547
404444,s584
404444,s535
404444,s612
404444,s536
404444,s544
404444,s534
404444,s652
404444,s545
404444,s580
404444,s472
404444,s649
404444,s581
404444,s614
404444,s645
404444,s529
404444,s471
404444,s532
404444,s594
404444,s519
404444,s518
404444,s615
404444,s539
404444,s548
404444,s540
404444,s629
404444,s543
404444,s494
404444,s565
404444,s616
404444,s528
404444,s493
404444,s513
404444,s501
404444,s593
404444,s516
404444,s604
404444,s550
404444,s647
404444,s607
404444,s470
404444,s642
404444,s479
404444,s624
404444,s630
404444,s639
404444,s640
400559,s514
400559,s549
400559,s484
400559,s541
400559,s538
400559,s542
400559,s595
400559,s596
400559,s405
400559,s546
400559,s521
400559,s406
400559,s641
400559,s597
400559,s537
400559,s613
400559,s530
400559,s515
400559,s632
400559,s547
400559,s638
400559,s584
400559,s535
400559,s612
400559,s536
400559,s544
400559,s534
400559,s648
400559,s652
400559,s467
400559,s545
400559,s580
400559,s472
400559,s578
400559,s649
400559,s581
400559,s551
400559,s614
400559,s585
400559,s645
400559,s529
400559,s471
400559,s532
400559,s594
400559,s518
400559,s615
400559,s539
400559,s548
400559,s611
400559,s540
400559,s654
400559,s629
400559,s633
400559,s543
400559,s565
400559,s616
400559,s528
400559,s513
400559,s593
400559,s516
400559,s550
400559,s647
400559,s607
400559,s479
400559,s639
400559,s586
300052,s637
300052,s646
300052,s514
300052,s549
300052,s484
300052,s541
300052,s538
300052,s542
300052,s595
300052,s596
300052,s405
300052,s546
300052,s521
300052,s406
300052,s641
300052,s537
300052,s613
300052,s530
300052,s632
300052,s547
300052,s584
300052,s535
300052,s612
300052,s536
300052,s544
300052,s534
300052,s652
300052,s545
300052,s580
300052,s472
300052,s578
300052,s649
300052,s581
300052,s551
300052,s614
300052,s585
300052,s529
300052,s471
300052,s532
300052,s552
300052,s594
300052,s518
300052,s615
300052,s539
300052,s548
300052,s611
300052,s540
300052,s654
300052,s629
300052,s633
300052,s543
300052,s565
300052,s616
300052,s493
300052,s513
300052,s501
300052,s593
300052,s516
300052,s604
300052,s607
300052,s456
300052,s642
300052,s479
300052,s635
300052,s644
405305,s646
405305,s514
405305,s549
405305,s484
405305,s541
405305,s538
405305,s542
405305,s595
405305,s596
405305,s405
405305,s546
405305,s521
405305,s406
405305,s641
405305,s537
405305,s613
405305,s530
405305,s632
405305,s547
405305,s638
405305,s584
405305,s535
405305,s612
405305,s536
405305,s544
405305,s534
405305,s652
405305,s545
405305,s580
405305,s472
405305,s649
405305,s581
405305,s517
405305,s614
405305,s585
405305,s645
405305,s529
405305,s471
405305,s532
405305,s594
405305,s519
405305,s518
405305,s539
405305,s548
405305,s611
405305,s540
405305,s654
405305,s629
405305,s633
405305,s543
405305,s494
405305,s565
405305,s616
405305,s493
405305,s513
405305,s501
405305,s593
405305,s516
405305,s604
405305,s607
405305,s470
405305,s456
405305,s479
405305,s630
405305,s635
405321,s637
405321,s514
405321,s549
405321,s484
405321,s541
405321,s538
405321,s542
405321,s595
405321,s405
405321,s546
405321,s521
405321,s406
405321,s641
405321,s597
405321,s537
405321,s613
405321,s530
405321,s515
405321,s632
405321,s547
405321,s638
405321,s584
405321,s535
405321,s536
405321,s544
405321,s534
405321,s648
405321,s652
405321,s467
405321,s545
405321,s580
405321,s472
405321,s578
405321,s581
405321,s517
405321,s551
405321,s614
405321,s585
405321,s645
405321,s529
405321,s532
405321,s594
405321,s518
405321,s539
405321,s548
405321,s611
405321,s540
405321,s654
405321,s633
405321,s543
405321,s565
405321,s616
405321,s493
405321,s513
405321,s501
405321,s593
405321,s516
405321,s604
405321,s647
405321,s607
405321,s642
405321,s589
405321,s479
405321,s459
405321,s639
405321,s644
405321,s586
405321,s587
300154,s637
300154,s646
300154,s514
300154,s549
300154,s541
300154,s538
300154,s542
300154,s595
300154,s546
300154,s521
300154,s406
300154,s641
300154,s537
300154,s613
300154,s530
300154,s515
300154,s632
300154,s547
300154,s535
300154,s612
300154,s536
300154,s544
300154,s534
300154,s652
300154,s467
300154,s545
300154,s580
300154,s472
300154,s581
300154,s551
300154,s614
300154,s585
300154,s529
300154,s532
300154,s594
300154,s519
300154,s518
300154,s615
300154,s539
300154,s548
300154,s540
300154,s654
300154,s633
300154,s543
300154,s494
300154,s565
300154,s616
300154,s493
300154,s513
300154,s593
300154,s516
300154,s604
300154,s647
300154,s607
300154,s642
300154,s589
300154,s479
300154,s630
300154,s650
300154,s640
300154,s644
300154,s643
405795,s637
405795,s514
405795,s549
405795,s484
405795,s541
405795,s538
405795,s542
405795,s595
405795,s596
405795,s405
405795,s546
405795,s521
405795,s406
405795,s641
405795,s597
405795,s537
405795,s613
405795,s530
405795,s632
405795,s547
405795,s638
405795,s535
405795,s612
405795,s536
405795,s544
405795,s534
405795,s648
405795,s652
405795,s467
405795,s545
405795,s580
405795,s472
405795,s578
405795,s649
405795,s581
405795,s517
405795,s551
405795,s614
405795,s529
405795,s532
405795,s552
405795,s594
405795,s518
405795,s615
405795,s539
405795,s548
405795,s611
405795,s540
405795,s654
405795,s629
405795,s633
405795,s543
405795,s494
405795,s565
405795,s616
405795,s493
405795,s513
405795,s593
405795,s516
405795,s604
405795,s647
405795,s607
405795,s470
405795,s479
405795,s630
405795,s650
405795,s640
405795,s586
406188,s637
406188,s646
406188,s514
406188,s549
406188,s484
406188,s541
406188,s538
406188,s542
406188,s595
406188,s596
406188,s405
406188,s546
406188,s521
406188,s406
406188,s641
406188,s597
406188,s537
406188,s613
406188,s530
406188,s515
406188,s632
406188,s547
406188,s584
406188,s535
406188,s612
406188,s536
406188,s544
406188,s534
406188,s648
406188,s652
406188,s545
406188,s580
406188,s472
406188,s649
406188,s581
406188,s517
406188,s551
406188,s614
406188,s585
406188,s645
406188,s529
406188,s532
406188,s594
406188,s519
406188,s518
406188,s615
406188,s539
406188,s548
406188,s611
406188,s540
406188,s654
406188,s629
406188,s633
406188,s543
406188,s494
406188,s565
406188,s616
406188,s528
406188,s493
406188,s513
406188,s501
406188,s593
406188,s516
406188,s604
406188,s647
406188,s479
406188,s531
406188,s640
406188,s644
406188,s586
406188,s643
406653,s646
406653,s514
406653,s549
406653,s484
406653,s541
406653,s538
406653,s542
406653,s595
406653,s596
406653,s546
406653,s521
406653,s406
406653,s641
406653,s597
406653,s537
406653,s613
406653,s530
406653,s632
406653,s547
406653,s638
406653,s584
406653,s535
406653,s536
406653,s544
406653,s534
406653,s652
406653,s467
406653,s545
406653,s580
406653,s472
406653,s578
406653,s581
406653,s517
406653,s551
406653,s614
406653,s585
406653,s529
406653,s471
406653,s532
406653,s594
406653,s519
406653,s518
406653,s539
406653,s548
406653,s611
406653,s540
406653,s654
406653,s633
406653,s543
406653,s565
406653,s616
406653,s493
406653,s513
406653,s593
406653,s604
406653,s550
406653,s647
406653,s607
406653,s456
406653,s642
406653,s624
406653,s635
406653,s650
406653,s639
406653,s644
300070,s637
300070,s514
300070,s549
300070,s484
300070,s541
300070,s538
300070,s542
300070,s595
300070,s596
300070,s405
300070,s546
300070,s521
300070,s406
300070,s641
300070,s597
300070,s537
300070,s530
300070,s515
300070,s632
300070,s547
300070,s584
300070,s535
300070,s612
300070,s536
300070,s544
300070,s534
300070,s648
300070,s652
300070,s467
300070,s545
300070,s580
300070,s472
300070,s649
300070,s581
300070,s551
300070,s614
300070,s645
300070,s529
300070,s471
300070,s532
300070,s594
300070,s519
300070,s518
300070,s615
300070,s539
300070,s548
300070,s611
300070,s540
300070,s543
300070,s565
300070,s616
300070,s493
300070,s513
300070,s501
300070,s593
300070,s516
300070,s604
300070,s550
300070,s607
300070,s589
300070,s479
300070,s624
300070,s650
300070,s643
407275,s646
407275,s514
407275,s549
407275,s484
407275,s541
407275,s538
407275,s542
407275,s595
407275,s596
407275,s405
407275,s546
407275,s521
407275,s406
407275,s641
407275,s537
407275,s613
407275,s530
407275,s515
407275,s632
407275,s547
407275,s535
407275,s612
407275,s536
407275,s544
407275,s534
407275,s652
407275,s467
407275,s545
407275,s580
407275,s472
407275,s578
407275,s581
407275,s517
407275,s551
407275,s614
407275,s645
407275,s471
407275,s532
407275,s594
407275,s518
407275,s615
407275,s539
407275,s548
407275,s611
407275,s540
407275,s629
407275,s633
407275,s543
407275,s494
407275,s565
407275,s616
407275,s528
407275,s493
407275,s513
407275,s501
407275,s593
407275,s604
407275,s647
407275,s456
407275,s642
407275,s624
407275,s630
407275,s635
407275,s639
407275,s640
407275,s644
407275,s586
300079,s637
300079,s646
300079,s514
300079,s549
300079,s484
300079,s541
300079,s538
300079,s542
300079,s595
300079,s596
300079,s546
300079,s521
300079,s406
300079,s641
300079,s597
300079,s537
300079,s613
300079,s530
300079,s515
300079,s632
300079,s547
300079,s638
300079,s535
300079,s536
300079,s544
300079,s534
300079,s648
300079,s652
300079,s545
300079,s580
300079,s472
300079,s578
300079,s581
300079,s551
300079,s614
300079,s585
300079,s532
300079,s594
300079,s519
300079,s518
300079,s539
300079,s548
300079,s611
300079,s540
300079,s654
300079,s629
300079,s633
300079,s543
300079,s494
300079,s565
300079,s616
300079,s493
300079,s513
300079,s593
300079,s516
300079,s604
300079,s607
300079,s470
300079,s479
300079,s624
300079,s630
300079,s635
300079,s639
300079,s640
300079,s644
300079,s586
300079,s643
300079,s587
408420,s646
408420,s514
408420,s549
408420,s484
408420,s541
408420,s538
408420,s542
408420,s595
408420,s596
408420,s546
408420,s521
408420,s406
408420,s641
408420,s537
408420,s530
408420,s515
408420,s632
408420,s547
408420,s638
408420,s535
408420,s536
408420,s544
408420,s534
408420,s648
408420,s652
408420,s467
408420,s545
408420,s580
408420,s578
408420,s581
408420,s517
408420,s551
408420,s614
408420,s585
408420,s645
408420,s529
408420,s471
408420,s532
408420,s594
408420,s519
408420,s518
408420,s615
408420,s539
408420,s548
408420,s611
408420,s540
408420,s654
408420,s629
408420,s633
408420,s543
408420,s565
408420,s616
408420,s493
408420,s513
408420,s501
408420,s593
408420,s516
408420,s604
408420,s550
408420,s647
408420,s607
408420,s470
408420,s479
408420,s624
408420,s650
408420,s631
408420,s531
408420,s459
408420,s640
408420,s587
408970,s514
408970,s549
408970,s484
408970,s541
408970,s538
408970,s542
408970,s595
408970,s596
408970,s405
408970,s546
408970,s521
408970,s641
408970,s597
408970,s537
408970,s515
408970,s632
408970,s547
408970,s584
408970,s535
408970,s612
408970,s536
408970,s544
408970,s534
408970,s648
408970,s652
408970,s467
408970,s545
408970,s580
408970,s578
408970,s581
408970,s517
408970,s551
408970,s614
408970,s585
408970,s529
408970,s471
408970,s532
408970,s594
408970,s519
408970,s518
408970,s615
408970,s539
408970,s548
408970,s611
408970,s540
408970,s654
408970,s629
408970,s543
408970,s565
408970,s616
408970,s493
408970,s513
408970,s501
408970,s593
408970,s516
408970,s604
408970,s647
408970,s607
408970,s470
408970,s456
408970,s642
408970,s479
408970,s624
408970,s635
408970,s650
408970,s631
408970,s639
408970,s640
409456,s637
409456,s646
409456,s514
409456,s549
409456,s484
409456,s541
409456,s538
409456,s542
409456,s595
409456,s596
409456,s405
409456,s546
409456,s521
409456,s406
409456,s641
409456,s537
409456,s613
409456,s530
409456,s632
409456,s547
409456,s584
409456,s535
409456,s536
409456,s544
409456,s534
409456,s652
409456,s467
409456,s545
409456,s580
409456,s472
409456,s649
409456,s581
409456,s551
409456,s614
409456,s585
409456,s529
409456,s471
409456,s532
409456,s594
409456,s518
409456,s615
409456,s539
409456,s548
409456,s611
409456,s540
409456,s629
409456,s633
409456,s543
409456,s494
409456,s565
409456,s616
409456,s493
409456,s513
409456,s593
409456,s516
409456,s604
409456,s550
409456,s647
409456,s607
409456,s456
409456,s479
409456,s624
409456,s459
409456,s640
409456,s644
300092,s514
300092,s549
300092,s484
300092,s541
300092,s538
300092,s542
300092,s595
300092,s546
300092,s521
300092,s641
300092,s537
300092,s613
300092,s530
300092,s515
300092,s632
300092,s547
300092,s584
300092,s535
300092,s612
300092,s536
300092,s544
300092,s534
300092,s648
300092,s652
300092,s467
300092,s545
300092,s580
300092,s472
300092,s578
300092,s649
300092,s581
300092,s551
300092,s614
300092,s585
300092,s645
300092,s529
300092,s471
300092,s532
300092,s594
300092,s519
300092,s518
300092,s615
300092,s539
300092,s548
300092,s540
300092,s654
300092,s629
300092,s543
300092,s494
300092,s565
300092,s616
300092,s528
300092,s493
300092,s513
300092,s501
300092,s593
300092,s516
300092,s604
300092,s647
300092,s607
300092,s470
300092,s650
300092,s631
300092,s531
300092,s459
300092,s587
410242,s637
410242,s646
410242,s514
410242,s549
410242,s484
410242,s541
410242,s538
410242,s542
410242,s595
410242,s596
410242,s546
410242,s521
410242,s406
410242,s641
410242,s537
410242,s530
410242,s515
410242,s632
410242,s547
410242,s638
410242,s584
410242,s535
410242,s612
410242,s536
410242,s544
410242,s534
410242,s652
410242,s545
410242,s580
410242,s649
410242,s581
410242,s517
410242,s614
410242,s585
410242,s529
410242,s471
410242,s532
410242,s594
410242,s519
410242,s518
410242,s615
410242,s539
410242,s548
410242,s611
410242,s540
410242,s654
410242,s543
410242,s494
410242,s565
410242,s616
410242,s493
410242,s513
410242,s593
410242,s516
410242,s604
410242,s550
410242,s647
410242,s607
410242,s470
410242,s479
410242,s624
410242,s630
410242,s635
410242,s531
410242,s639
410242,s586
410242,s587
300094,s637
300094,s514
300094,s549
300094,s484
300094,s541
300094,s538
300094,s542
300094,s595
300094,s596
300094,s546
300094,s521
300094,s406
300094,s641
300094,s597
300094,s537
300094,s530
300094,s515
300094,s632
300094,s547
300094,s584
300094,s535
300094,s612
300094,s536
300094,s544
300094,s534
300094,s648
300094,s652
300094,s467
300094,s545
300094,s580
300094,s472
300094,s578
300094,s581
300094,s517
300094,s551
300094,s614
300094,s529
300094,s471
300094,s532
300094,s594
300094,s518
300094,s539
300094,s548
300094,s611
300094,s540
300094,s654
300094,s629
300094,s543
300094,s565
300094,s616
300094,s493
300094,s513
300094,s501
300094,s593
300094,s516
300094,s604
300094,s550
300094,s647
300094,s607
300094,s589
300094,s479
300094,s624
300094,s635
300094,s650
300094,s531
300094,s459
300094,s639
300094,s644
410588,s637
410588,s514
410588,s549
410588,s484
410588,s541
410588,s538
410588,s542
410588,s595
410588,s596
410588,s405
410588,s546
410588,s521
410588,s641
410588,s537
410588,s613
410588,s530
410588,s515
410588,s632
410588,s547
410588,s584
410588,s535
410588,s536
410588,s544
410588,s534
410588,s648
410588,s652
410588,s545
410588,s580
410588,s472
410588,s649
410588,s581
410588,s614
410588,s645
410588,s529
410588,s471
410588,s532
410588,s552
410588,s594
410588,s519
410588,s518
410588,s539
410588,s548
410588,s611
410588,s540
410588,s654
410588,s629
410588,s543
410588,s494
410588,s565
410588,s616
410588,s493
410588,s513
410588,s593
410588,s516
410588,s604
410588,s647
410588,s607
410588,s456
410588,s589
410588,s479
410588,s531
410588,s459
410588,s644
410936,s646
410936,s514
410936,s549
410936,s484
410936,s541
410936,s538
410936,s542
410936,s595
410936,s596
410936,s405
410936,s546
410936,s521
410936,s406
410936,s641
410936,s537
410936,s515
410936,s632
410936,s547
410936,s638
410936,s584
410936,s535
410936,s612
410936,s536
410936,s544
410936,s534
410936,s648
410936,s652
410936,s467
410936,s545
410936,s580
410936,s472
410936,s649
410936,s581
410936,s551
410936,s614
410936,s585
410936,s645
410936,s529
410936,s471
410936,s532
410936,s594
410936,s519
410936,s518
410936,s539
410936,s548
410936,s611
410936,s540
410936,s654
410936,s633
410936,s543
410936,s494
410936,s565
410936,s616
410936,s493
410936,s513
410936,s501
410936,s593
410936,s516
410936,s604
410936,s647
410936,s607
410936,s589
410936,s624
410936,s630
410936,s650
410936,s631
410936,s459
410936,s586
410936,s587
411271,s637
411271,s646
411271,s514
411271,s549
411271,s484
411271,s541
411271,s538
411271,s542
411271,s595
411271,s596
411271,s546
411271,s521
411271,s406
411271,s641
411271,s597
411271,s537
411271,s530
411271,s515
411271,s632
411271,s547
411271,s584
411271,s535
411271,s536
411271,s544
411271,s534
411271,s652
411271,s467
411271,s545
411271,s580
411271,s472
411271,s578
411271,s649
411271,s581
411271,s551
411271,s614
411271,s585
411271,s645
411271,s532
411271,s594
411271,s519
411271,s518
411271,s539
411271,s548
411271,s611
411271,s540
411271,s654
411271,s629
411271,s633
411271,s543
411271,s565
411271,s616
411271,s493
411271,s513
411271,s501
411271,s593
411271,s516
411271,s604
411271,s647
411271,s607
411271,s456
411271,s589
411271,s531
411271,s644
411271,s643
300099,s646
300099,s514
300099,s549
300099,s484
300099,s541
300099,s538
300099,s542
300099,s595
300099,s596
300099,s405
300099,s546
300099,s521
300099,s406
300099,s641
300099,s597
300099,s537
300099,s530
300099,s515
300099,s632
300099,s547
300099,s584
300099,s535
300099,s612
300099,s536
300099,s544
300099,s534
300099,s648
300099,s652
300099,s545
300099,s580
300099,s472
300099,s578
300099,s581
300099,s517
300099,s551
300099,s614
300099,s585
300099,s645
300099,s529
300099,s532
300099,s552
300099,s594
300099,s519
300099,s518
300099,s615
300099,s539
300099,s548
300099,s611
300099,s540
300099,s543
300099,s494
300099,s565
300099,s616
300099,s493
300099,s513
300099,s593
300099,s516
300099,s604
300099,s550
300099,s607
300099,s470
300099,s642
300099,s589
300099,s624
300099,s630
300099,s635
300099,s631
300099,s459
300099,s586
300099,s587
411762,s637
411762,s646
411762,s514
411762,s549
411762,s484
411762,s541
411762,s538
411762,s542
411762,s595
411762,s596
411762,s405
411762,s546
411762,s521
411762,s641
411762,s597
411762,s537
411762,s530
411762,s632
411762,s547
411762,s638
411762,s584
411762,s535
411762,s612
411762,s536
411762,s544
411762,s534
411762,s648
411762,s652
411762,s467
411762,s545
411762,s580
411762,s472
411762,s578
411762,s649
411762,s581
411762,s551
411762,s614
411762,s645
411762,s529
411762,s471
411762,s532
411762,s594
411762,s519
411762,s518
411762,s615
411762,s539
411762,s548
411762,s611
411762,s540
411762,s633
411762,s543
411762,s565
411762,s616
411762,s493
411762,s513
411762,s593
411762,s516
411762,s604
411762,s607
411762,s642
411762,s624
411762,s635
411762,s650
411762,s531
411762,s459
411762,s639
411762,s644
300008,s637
300008,s514
300008,s549
300008,s484
300008,s541
300008,s538
300008,s542
300008,s595
300008,s405
300008,s546
300008,s521
300008,s406
300008,s641
300008,s537
300008,s613
300008,s530
300008,s515
300008,s632
300008,s547
300008,s638
300008,s584
300008,s535
300008,s612
300008,s536
300008,s544
300008,s534
300008,s652
300008,s545
300008,s580
300008,s472
300008,s578
300008,s649
300008,s581
300008,s551
300008,s614
300008,s585
300008,s645
300008,s529
300008,s532
300008,s594
300008,s519
300008,s518
300008,s615
300008,s539
300008,s548
300008,s611
300008,s540
300008,s633
300008,s543
300008,s565
300008,s616
300008,s528
300008,s493
300008,s513
300008,s501
300008,s593
300008,s516
300008,s604
300008,s647
300008,s607
300008,s456
300008,s642
300008,s589
300008,s624
300008,s640
300008,s587
300009,s646
300009,s514
300009,s549
300009,s484
300009,s541
300009,s538
300009,s542
300009,s595
300009,s546
300009,s521
300009,s406
300009,s641
300009,s537
300009,s613
300009,s530
300009,s632
300009,s547
300009,s535
300009,s612
300009,s536
300009,s544
300009,s534
300009,s652
300009,s467
300009,s545
300009,s580
300009,s578
300009,s649
300009,s581
300009,s614
300009,s529
300009,s471
300009,s532
300009,s594
300009,s519
300009,s518
300009,s615
300009,s539
300009,s548
300009,s540
300009,s654
300009,s629
300009,s543
300009,s494
300009,s565
300009,s616
300009,s528
300009,s493
300009,s513
300009,s593
300009,s516
300009,s604
300009,s647
300009,s607
300009,s642
300009,s589
300009,s479
300009,s624
300009,s635
300009,s650
300009,s639
300009,s640
300009,s644
300009,s643
300009,s587
402004,s514
402004,s549
402004,s484
402004,s541
402004,s538
402004,s542
402004,s595
402004,s596
402004,s546
402004,s521
402004,s406
402004,s641
402004,s597
402004,s537
402004,s613
402004,s530
402004,s515
402004,s632
402004,s547
402004,s638
402004,s584
402004,s535
402004,s612
402004,s536
402004,s544
402004,s534
402004,s652
402004,s545
402004,s580
402004,s472
402004,s578
402004,s649
402004,s581
402004,s517
402004,s551
402004,s614
402004,s585
402004,s529
402004,s594
402004,s519
402004,s518
402004,s615
402004,s539
402004,s548
402004,s611
402004,s540
402004,s654
402004,s543
402004,s565
402004,s616
402004,s528
402004,s493
402004,s513
402004,s593
402004,s604
402004,s550
402004,s647
402004,s607
402004,s589
402004,s479
402004,s630
402004,s459
402004,s586
402004,s643
402495,s514
402495,s549
402495,s484
402495,s541
402495,s538
402495,s542
402495,s595
402495,s405
402495,s546
402495,s521
402495,s406
402495,s641
402495,s537
402495,s530
402495,s632
402495,s547
402495,s638
402495,s584
402495,s535
402495,s612
402495,s536
402495,s544
402495,s534
402495,s648
402495,s652
402495,s545
402495,s580
402495,s578
402495,s581
402495,s551
402495,s614
402495,s585
402495,s645
402495,s529
402495,s471
402495,s532
402495,s594
402495,s519
402495,s518
402495,s539
402495,s548
402495,s611
402495,s540
402495,s543
402495,s565
402495,s616
402495,s528
402495,s493
402495,s513
402495,s501
402495,s593
402495,s516
402495,s604
402495,s647
402495,s607
402495,s470
402495,s479
402495,s624
402495,s650
402495,s531
402495,s459
402495,s643
402727,s637
402727,s646
402727,s514
402727,s549
402727,s484
402727,s541
402727,s538
402727,s542
402727,s595
402727,s405
402727,s546
402727,s521
402727,s406
402727,s641
402727,s597
402727,s537
402727,s530
402727,s515
402727,s632
402727,s547
402727,s638
402727,s584
402727,s535
402727,s612
402727,s536
402727,s544
402727,s534
402727,s652
402727,s467
402727,s545
402727,s580
402727,s472
402727,s578
402727,s649
402727,s581
402727,s551
402727,s614
402727,s585
402727,s645
402727,s529
402727,s471
402727,s532
402727,s594
402727,s518
402727,s615
402727,s539
402727,s548
402727,s611
402727,s540
402727,s654
402727,s629
402727,s633
402727,s543
402727,s565
402727,s616
402727,s493
402727,s513
402727,s501
402727,s593
402727,s604
402727,s607
402727,s642
402727,s589
402727,s479
402727,s624
402727,s631
402727,s640
402990,s637
402990,s514
402990,s549
402990,s484
402990,s541
402990,s538
402990,s542
402990,s595
402990,s596
402990,s546
402990,s521
402990,s406
402990,s641
402990,s537
402990,s530
402990,s515
402990,s632
402990,s547
402990,s638
402990,s584
402990,s535
402990,s536
402990,s544
402990,s534
402990,s648
402990,s652
402990,s545
402990,s580
402990,s578
402990,s649
402990,s581
402990,s551
402990,s614
402990,s585
402990,s529
402990,s471
402990,s532
402990,s594
402990,s519
402990,s518
402990,s615
402990,s539
402990,s548
402990,s540
402990,s633
402990,s543
402990,s494
402990,s565
402990,s616
402990,s528
402990,s493
402990,s513
402990,s501
402990,s593
402990,s516
402990,s604
402990,s607
402990,s589
402990,s479
402990,s624
402990,s459
402990,s639
402990,s643
403346,s637
403346,s646
403346,s514
403346,s549
403346,s484
403346,s541
403346,s538
403346,s542
403346,s595
403346,s546
403346,s521
403346,s406
403346,s641
403346,s597
403346,s537
403346,s613
403346,s530
403346,s515
403346,s632
403346,s547
403346,s638
403346,s584
403346,s535
403346,s612
403346,s536
403346,s544
403346,s534
403346,s652
403346,s467
403346,s545
403346,s580
403346,s649
403346,s581
403346,s517
403346,s614
403346,s585
403346,s645
403346,s471
403346,s532
403346,s552
403346,s594
403346,s519
403346,s518
403346,s615
403346,s539
403346,s548
403346,s611
403346,s540
403346,s629
403346,s543
403346,s565
403346,s616
403346,s528
403346,s493
403346,s513
403346,s593
403346,s516
403346,s604
403346,s607
403346,s642
403346,s630
403346,s635
403346,s640
403346,s644
403700,s646
403700,s514
403700,s549
403700,s484
403700,s541
403700,s538
403700,s542
403700,s595
403700,s405
403700,s546
403700,s521
403700,s406
403700,s641
403700,s537
403700,s530
403700,s515
403700,s632
403700,s547
403700,s638
403700,s584
403700,s535
403700,s612
403700,s536
403700,s544
403700,s534
403700,s652
403700,s467
403700,s545
403700,s580
403700,s472
403700,s581
403700,s551
403700,s614
403700,s585
403700,s529
403700,s471
403700,s532
403700,s594
403700,s519
403700,s518
403700,s539
403700,s548
403700,s611
403700,s540
403700,s629
403700,s633
403700,s543
403700,s494
403700,s565
403700,s616
403700,s493
403700,s513
403700,s593
403700,s604
403700,s647
403700,s607
403700,s470
403700,s589
403700,s624
403700,s644
403700,s587
403962,s646
403962,s514
403962,s549
403962,s484
403962,s541
403962,s538
403962,s542
403962,s595
403962,s596
403962,s405
403962,s546
403962,s521
403962,s406
403962,s641
403962,s597
403962,s537
403962,s613
403962,s530
403962,s515
403962,s632
403962,s547
403962,s638
403962,s584
403962,s535
403962,s612
403962,s536
403962,s544
403962,s534
403962,s648
403962,s652
403962,s467
403962,s545
403962,s580
403962,s472
403962,s578
403962,s649
403962,s581
403962,s551
403962,s614
403962,s585
403962,s645
403962,s529
403962,s471
403962,s532
403962,s594
403962,s519
403962,s518
403962,s615
403962,s539
403962,s548
403962,s611
403962,s540
403962,s633
403962,s543
403962,s494
403962,s565
403962,s616
403962,s528
403962,s493
403962,s513
403962,s501
403962,s593
403962,s516
403962,s604
403962,s647
403962,s607
403962,s470
403962,s642
403962,s589
403962,s479
403962,s630
403962,s650
403962,s531
403962,s459
403962,s643
404219,s637
404219,s646
404219,s514
404219,s549
404219,s484
404219,s541
404219,s538
404219,s542
404219,s595
404219,s596
404219,s405
404219,s546
404219,s521
404219,s406
404219,s641
404219,s537
404219,s613
404219,s530
404219,s632
404219,s547
404219,s638
404219,s535
404219,s612
404219,s536
404219,s544
404219,s534
404219,s652
404219,s467
404219,s545
404219,s580
404219,s472
404219,s578
404219,s581
404219,s551
404219,s614
404219,s585
404219,s529
404219,s532
404219,s594
404219,s519
404219,s518
404219,s539
404219,s548
404219,s611
404219,s540
404219,s654
404219,s633
404219,s543
404219,s565
404219,s616
404219,s493
404219,s513
404219,s501
404219,s593
404219,s604
404219,s647
404219,s607
404219,s470
404219,s589
404219,s479
404219,s624
404219,s459
404219,s639
404219,s640
404219,s587
406084,s637
406084,s646
406084,s514
406084,s549
406084,s484
406084,s541
406084,s538
406084,s542
406084,s595
406084,s405
406084,s546
406084,s521
406084,s641
406084,s597
406084,s537
406084,s530
406084,s515
406084,s632
406084,s547
406084,s535
406084,s536
406084,s544
406084,s534
406084,s648
406084,s652
406084,s545
406084,s580
406084,s581
406084,s614
406084,s645
406084,s529
406084,s471
406084,s532
406084,s594
406084,s519
406084,s518
406084,s539
406084,s548
406084,s540
406084,s629
406084,s633
406084,s543
406084,s565
406084,s616
406084,s528
406084,s493
406084,s513
406084,s593
406084,s516
406084,s604
406084,s647
406084,s607
406084,s642
406084,s589
406084,s479
406084,s639
406084,s643
300059,s646
300059,s514
300059,s549
300059,s484
300059,s541
300059,s538
300059,s542
300059,s595
300059,s546
300059,s521
300059,s406
300059,s641
300059,s537
300059,s613
300059,s530
300059,s515
300059,s632
300059,s547
300059,s638
300059,s584
300059,s535
300059,s612
300059,s536
300059,s544
300059,s534
300059,s652
300059,s467
300059,s545
300059,s580
300059,s472
300059,s578
300059,s649
300059,s581
300059,s614
300059,s645
300059,s529
300059,s471
300059,s594
300059,s519
300059,s518
300059,s539
300059,s548
300059,s611
300059,s540
300059,s654
300059,s629
300059,s543
300059,s565
300059,s616
300059,s493
300059,s513
300059,s593
300059,s604
300059,s550
300059,s647
300059,s607
300059,s642
300059,s624
300059,s459
300059,s639
300059,s640
300059,s644
300059,s586
300059,s643
300064,s637
300064,s646
300064,s514
300064,s549
300064,s484
300064,s541
300064,s538
300064,s542
300064,s595
300064,s546
300064,s521
300064,s406
300064,s641
300064,s597
300064,s537
300064,s530
300064,s515
300064,s632
300064,s547
300064,s638
300064,s584
300064,s535
300064,s612
300064,s536
300064,s544
300064,s534
300064,s648
300064,s652
300064,s545
300064,s580
300064,s472
300064,s578
300064,s581
300064,s551
300064,s614
300064,s645
300064,s529
300064,s552
300064,s594
300064,s519
300064,s518
300064,s539
300064,s548
300064,s611
300064,s540
300064,s654
300064,s543
300064,s565
300064,s616
300064,s493
300064,s513
300064,s593
300064,s516
300064,s604
300064,s607
300064,s479
300064,s624
300064,s630
300064,s635
300064,s650
300064,s531
300064,s459
300064,s639
300064,s643
300065,s637
300065,s646
300065,s514
300065,s549
300065,s484
300065,s541
300065,s538
300065,s542
300065,s595
300065,s546
300065,s521
300065,s641
300065,s537
300065,s613
300065,s530
300065,s632
300065,s547
300065,s584
300065,s535
300065,s612
300065,s536
300065,s544
300065,s534
300065,s648
300065,s652
300065,s545
300065,s580
300065,s578
300065,s649
300065,s581
300065,s517
300065,s551
300065,s614
300065,s585
300065,s645
300065,s529
300065,s594
300065,s519
300065,s518
300065,s615
300065,s539
300065,s548
300065,s611
300065,s540
300065,s629
300065,s543
300065,s494
300065,s565
300065,s616
300065,s493
300065,s513
300065,s501
300065,s593
300065,s516
300065,s604
300065,s647
300065,s607
300065,s470
300065,s589
300065,s630
300065,s459
300065,s639
300065,s644
407268,s637
407268,s514
407268,s549
407268,s484
407268,s541
407268,s538
407268,s542
407268,s595
407268,s546
407268,s521
407268,s406
407268,s641
407268,s537
407268,s613
407268,s530
407268,s515
407268,s632
407268,s547
407268,s584
407268,s535
407268,s612
407268,s536
407268,s544
407268,s534
407268,s648
407268,s652
407268,s545
407268,s580
407268,s472
407268,s581
407268,s551
407268,s614
407268,s645
407268,s529
407268,s471
407268,s532
407268,s552
407268,s594
407268,s519
407268,s518
407268,s615
407268,s539
407268,s548
407268,s540
407268,s629
407268,s633
407268,s543
407268,s565
407268,s616
407268,s528
407268,s493
407268,s513
407268,s501
407268,s593
407268,s516
407268,s604
407268,s550
407268,s647
407268,s607
407268,s642
407268,s624
407268,s650
407268,s586
407663,s646
407663,s514
407663,s549
407663,s484
407663,s541
407663,s538
407663,s542
407663,s595
407663,s596
407663,s546
407663,s521
407663,s406
407663,s641
407663,s597
407663,s537
407663,s530
407663,s515
407663,s632
407663,s547
407663,s584
407663,s535
407663,s612
407663,s536
407663,s544
407663,s534
407663,s652
407663,s545
407663,s580
407663,s472
407663,s578
407663,s581
407663,s614
407663,s529
407663,s471
407663,s532
407663,s552
407663,s594
407663,s518
407663,s539
407663,s548
407663,s540
407663,s654
407663,s633
407663,s543
407663,s565
407663,s616
407663,s528
407663,s493
407663,s513
407663,s501
407663,s593
407663,s516
407663,s604
407663,s550
407663,s647
407663,s607
407663,s456
407663,s479
407663,s624
407663,s630
407663,s640
407663,s586
407786,s514
407786,s549
407786,s484
407786,s541
407786,s538
407786,s542
407786,s595
407786,s546
407786,s521
407786,s406
407786,s641
407786,s597
407786,s537
407786,s613
407786,s530
407786,s515
407786,s632
407786,s547
407786,s584
407786,s535
407786,s536
407786,s544
407786,s534
407786,s648
407786,s652
407786,s467
407786,s545
407786,s580
407786,s578
407786,s649
407786,s581
407786,s551
407786,s614
407786,s529
407786,s532
407786,s594
407786,s519
407786,s518
407786,s615
407786,s539
407786,s548
407786,s611
407786,s540
407786,s654
407786,s629
407786,s633
407786,s543
407786,s565
407786,s616
407786,s493
407786,s513
407786,s501
407786,s593
407786,s516
407786,s604
407786,s647
407786,s642
407786,s479
407786,s650
407786,s640
407786,s587
400563,s637
400563,s646
400563,s514
400563,s549
400563,s484
400563,s541
400563,s538
400563,s542
400563,s595
400563,s596
400563,s546
400563,s521
400563,s406
400563,s641
400563,s597
400563,s537
400563,s613
400563,s530
400563,s547
400563,s535
400563,s612
400563,s536
400563,s544
400563,s534
400563,s652
400563,s467
400563,s545
400563,s580
400563,s472
400563,s581
400563,s517
400563,s551
400563,s614
400563,s585
400563,s645
400563,s529
400563,s471
400563,s532
400563,s552
400563,s594
400563,s518
400563,s539
400563,s548
400563,s611
400563,s540
400563,s654
400563,s543
400563,s565
400563,s616
400563,s493
400563,s513
400563,s501
400563,s593
400563,s604
400563,s550
400563,s647
400563,s607
400563,s470
400563,s624
400563,s630
400563,s635
400563,s459
400563,s639
400563,s640
400563,s586
408252,s646
408252,s514
408252,s549
408252,s484
408252,s541
408252,s538
408252,s542
408252,s595
408252,s596
408252,s546
408252,s521
408252,s406
408252,s641
408252,s537
408252,s613
408252,s530
408252,s515
408252,s632
408252,s547
408252,s535
408252,s536
408252,s544
408252,s534
408252,s648
408252,s652
408252,s467
408252,s545
408252,s580
408252,s649
408252,s581
408252,s517
408252,s551
408252,s614
408252,s585
408252,s645
408252,s529
408252,s594
408252,s519
408252,s518
408252,s615
408252,s539
408252,s548
408252,s611
408252,s540
408252,s654
408252,s629
408252,s633
408252,s543
408252,s565
408252,s616
408252,s493
408252,s513
408252,s593
408252,s516
408252,s604
408252,s607
408252,s470
408252,s531
408252,s459
408597,s646
408597,s514
408597,s549
408597,s484
408597,s541
408597,s538
408597,s542
408597,s595
408597,s596
408597,s546
408597,s521
408597,s406
408597,s641
408597,s597
408597,s537
408597,s530
408597,s515
408597,s632
408597,s547
408597,s638
408597,s535
408597,s536
408597,s544
408597,s534
408597,s648
408597,s652
408597,s545
408597,s580
408597,s472
408597,s581
408597,s551
408597,s614
408597,s529
408597,s471
408597,s552
408597,s594
408597,s519
408597,s518
408597,s615
408597,s539
408597,s548
408597,s611
408597,s540
408597,s629
408597,s543
408597,s494
408597,s565
408597,s616
408597,s493
408597,s513
408597,s501
408597,s593
408597,s516
408597,s604
408597,s607
408597,s470
408597,s479
408597,s635
408597,s650
408597,s459
408597,s639
408597,s586
408597,s587
408937,s637
408937,s514
408937,s549
408937,s484
408937,s541
408937,s538
408937,s542
408937,s595
408937,s596
408937,s405
408937,s546
408937,s521
408937,s641
408937,s537
408937,s613
408937,s530
408937,s515
408937,s632
408937,s547
408937,s584
408937,s535
408937,s612
408937,s536
408937,s544
408937,s534
408937,s648
408937,s652
408937,s467
408937,s545
408937,s580
408937,s472
408937,s578
408937,s581
408937,s614
408937,s585
408937,s645
408937,s471
408937,s532
408937,s594
408937,s519
408937,s518
408937,s539
408937,s548
408937,s611
408937,s540
408937,s543
408937,s565
408937,s616
408937,s493
408937,s513
408937,s501
408937,s593
408937,s604
408937,s647
408937,s607
408937,s456
408937,s589
408937,s479
408937,s624
408937,s630
408937,s650
408937,s640
409027,s637
409027,s646
409027,s514
409027,s549
409027,s484
409027,s541
409027,s538
409027,s542
409027,s595
409027,s596
409027,s546
409027,s521
409027,s406
409027,s641
409027,s537
409027,s530
409027,s515
409027,s632
409027,s547
409027,s584
409027,s535
409027,s612
409027,s536
409027,s544
409027,s534
409027,s648
409027,s652
409027,s467
409027,s545
409027,s580
409027,s581
409027,s614
409027,s585
409027,s529
409027,s532
409027,s594
409027,s519
409027,s518
409027,s615
409027,s539
409027,s548
409027,s611
409027,s540
409027,s629
409027,s633
409027,s543
409027,s565
409027,s616
409027,s493
409027,s513
409027,s501
409027,s593
409027,s516
409027,s604
409027,s607
409027,s470
409027,s642
409027,s589
409027,s635
409027,s459
409027,s644
409027,s587
409225,s514
409225,s549
409225,s484
409225,s541
409225,s538
409225,s542
409225,s595
409225,s596
409225,s546
409225,s521
409225,s406
409225,s641
409225,s597
409225,s537
409225,s530
409225,s547
409225,s584
409225,s535
409225,s612
409225,s536
409225,s544
409225,s534
409225,s652
409225,s467
409225,s545
409225,s580
409225,s472
409225,s578
409225,s649
409225,s581
409225,s551
409225,s614
409225,s645
409225,s529
409225,s532
409225,s594
409225,s518
409225,s615
409225,s539
409225,s548
409225,s611
409225,s540
409225,s543
409225,s494
409225,s565
409225,s616
409225,s493
409225,s513
409225,s501
409225,s593
409225,s516
409225,s604
409225,s647
409225,s607
409225,s589
409225,s479
409225,s630
409225,s635
409225,s640
409225,s586
412006,s646
412006,s514
412006,s549
412006,s484
412006,s541
412006,s538
412006,s542
412006,s595
412006,s596
412006,s405
412006,s546
412006,s521
412006,s406
412006,s641
412006,s597
412006,s537
412006,s613
412006,s530
412006,s515
412006,s632
412006,s547
412006,s584
412006,s535
412006,s612
412006,s536
412006,s544
412006,s534
412006,s652
412006,s467
412006,s545
412006,s580
412006,s472
412006,s581
412006,s551
412006,s614
412006,s585
412006,s645
412006,s529
412006,s471
412006,s532
412006,s552
412006,s594
412006,s519
412006,s518
412006,s539
412006,s548
412006,s611
412006,s540
412006,s654
412006,s629
412006,s543
412006,s565
412006,s616
412006,s528
412006,s493
412006,s513
412006,s501
412006,s593
412006,s604
412006,s550
412006,s647
412006,s607
412006,s642
412006,s479
412006,s624
412006,s630
412006,s650
412006,s531
412006,s644
412006,s586
412006,s587
